,True Label,RF Time,Time
0,1.0,0.0,1612653211.8161933
1,1.0,0.0,1612653211.8354037
2,1.0,0.0,1612653211.8525035
3,1.0,0.0,1612653211.8701785
4,1.0,0.0,1612653211.8926506
5,1.0,0.0,1612653211.9187384
6,1.0,0.0,1612653211.9462764
7,1.0,0.0,1612653211.9756172
8,1.0,0.0,1612653212.0048091
9,1.0,0.0,1612653212.034586
10,1.0,0.0,1612653212.0615575
11,1.0,0.0,1612653212.0862873
12,1.0,0.0,1612653212.1101727
13,1.0,0.0,1612653212.1334138
14,1.0,0.0,1612653212.159724
15,1.0,0.0,1612653212.1855462
16,1.0,0.0,1612653212.2107377
17,1.0,0.0,1612653212.235203
18,1.0,0.0,1612653212.259257
19,1.0,0.0,1612653212.2786164
20,1.0,0.0,1612653212.2959251
21,1.0,0.0,1612653212.3205924
22,1.0,0.0,1612653212.34522
23,1.0,0.0,1612653212.3684523
24,1.0,0.0,1612653212.3914106
25,1.0,0.0,1612653212.4127436
26,1.0,0.0,1612653212.4348733
27,1.0,0.0,1612653212.4568796
28,1.0,0.0,1612653212.480003
29,1.0,0.0,1612653212.4974358
30,1.0,0.0,1612653212.5198
31,1.0,0.0,1612653212.5446343
32,1.0,0.0,1612653212.575842
33,1.0,0.0,1612653212.6039436
34,1.0,0.0,1612653212.6296132
35,1.0,0.0,1612653212.6581094
36,1.0,0.0,1612653212.6791654
37,1.0,0.0,1612653212.70185
38,1.0,0.0,1612653212.7185829
39,1.0,0.0,1612653212.7388022
40,1.0,0.0,1612653212.761379
41,1.0,0.0,1612653212.7860115
42,1.0,0.0,1612653212.8094163
43,1.0,0.0,1612653212.8325648
44,1.0,0.0,1612653212.8578699
45,1.0,0.0,1612653212.8799787
46,1.0,0.0,1612653212.902809
47,1.0,0.0,1612653212.9215848
48,1.0,0.0,1612653212.942953
49,1.0,0.0,1612653212.9682248
50,1.0,0.0,1612653212.9904494
51,1.0,0.0,1612653213.0157413
52,1.0,0.0,1612653213.038228
53,1.0,0.0,1612653213.0601444
54,1.0,0.0,1612653213.0822916
55,1.0,0.0,1612653213.1054635
56,1.0,0.0,1612653213.1235867
57,1.0,0.0,1612653213.1459947
58,1.0,0.0,1612653213.1718066
59,1.0,0.0,1612653213.1966534
60,1.0,0.0,1612653213.222202
61,1.0,0.0,1612653213.2462049
62,1.0,0.0,1612653213.274474
63,1.0,0.0,1612653213.2985272
64,1.0,0.0,1612653213.325034
65,1.0,0.0,1612653213.3461454
66,1.0,0.0,1612653213.372853
67,1.0,0.0,1612653213.400007
68,1.0,0.0,1612653213.4262733
69,1.0,0.0,1612653213.4486473
70,1.0,0.0,1612653213.4750316
71,1.0,0.0,1612653213.4995983
72,1.0,0.0,1612653213.5263994
73,1.0,0.0,1612653213.5486116
74,1.0,0.0,1612653213.5698583
75,1.0,0.0,1612653213.5934873
76,1.0,0.0,1612653213.6197298
77,1.0,0.0,1612653213.6418056
78,1.0,0.0,1612653213.6687431
79,1.0,0.0,1612653213.6927133
80,1.0,0.0,1612653213.7174754
81,1.0,0.0,1612653213.735795
82,1.0,0.0,1612653213.7527108
83,1.0,0.0,1612653213.7758482
84,1.0,0.0,1612653213.7993646
85,1.0,0.0,1612653213.8220158
86,1.0,0.0,1612653213.84556
87,1.0,0.0,1612653213.8698835
88,1.0,0.0,1612653213.8922904
89,1.0,0.0,1612653213.914301
90,1.0,0.0,1612653213.9363334
91,1.0,0.0,1612653213.956891
92,1.0,0.0,1612653213.9804492
93,1.0,0.0,1612653214.003629
94,1.0,0.0,1612653214.0313563
95,1.0,0.0,1612653214.054987
96,1.0,0.0,1612653214.075962
97,1.0,0.0,1612653214.1001031
98,1.0,0.0,1612653214.12581
99,1.0,0.0,1612653214.1454535
100,1.0,0.0,1612653214.1618283
101,1.0,0.0,1612653214.1841419
102,1.0,0.0,1612653214.2117403
103,1.0,0.0,1612653214.235032
104,1.0,0.0,1612653214.2617884
105,1.0,0.0,1612653214.2848196
106,1.0,0.0,1612653214.3082566
107,1.0,0.0,1612653214.3337665
108,1.0,0.0,1612653214.3529706
109,1.0,0.0,1612653214.3736017
110,1.0,0.0,1612653214.4054587
111,1.0,0.0,1612653214.4285712
112,1.0,0.0,1612653214.453397
113,1.0,0.0,1612653214.4799387
114,1.0,0.0,1612653214.505109
115,1.0,0.0,1612653214.530544
116,1.0,0.0,1612653214.5537126
117,1.0,0.0,1612653214.574348
118,1.0,0.0,1612653214.5964231
119,1.0,0.0,1612653214.6231582
120,1.0,0.0,1612653214.6490686
121,1.0,0.0,1612653214.671479
122,1.0,0.0,1612653214.6953213
123,1.0,0.0,1612653214.7186966
124,1.0,0.0,1612653214.7419686
125,1.0,0.0,1612653214.7644598
126,1.0,0.0,1612653214.7848182
127,1.0,0.0,1612653214.8083413
128,1.0,0.0,1612653214.831747
129,1.0,0.0,1612653214.8560793
130,1.0,0.0,1612653214.879341
131,1.0,0.0,1612653214.904699
132,1.0,0.0,1612653214.9265795
133,1.0,0.0,1612653214.9487283
134,1.0,0.0,1612653214.9665678
135,1.0,0.0,1612653214.9851618
136,1.0,0.0,1612653215.0087304
137,1.0,0.0,1612653215.0312247
138,1.0,0.0,1612653215.0548284
139,1.0,0.0,1612653215.079373
140,1.0,0.0,1612653215.103064
141,1.0,0.0,1612653215.1287072
142,1.0,0.0,1612653215.1538744
143,1.0,0.0,1612653215.17294
144,1.0,0.0,1612653215.1892831
145,1.0,0.0,1612653215.212377
146,1.0,0.0,1612653215.2365665
147,1.0,0.0,1612653215.2584233
148,1.0,0.0,1612653215.2821138
149,1.0,0.0,1612653215.3054142
150,1.0,0.0,1612653215.3286388
151,1.0,0.0,1612653215.3507543
152,1.0,0.0,1612653215.3726652
153,1.0,0.0,1612653215.3899016
154,1.0,0.0,1612653215.4120076
155,1.0,0.0,1612653215.4354603
156,1.0,0.0,1612653215.461732
157,1.0,0.0,1612653215.48428
158,1.0,0.0,1612653215.5097961
159,1.0,0.0,1612653215.5357385
160,1.0,0.0,1612653215.5581586
161,1.0,0.0,1612653215.580608
162,1.0,0.0,1612653215.5970051
163,1.0,0.0,1612653215.6163187
164,1.0,0.0,1612653215.6411965
165,1.0,0.0,1612653215.6663492
166,1.0,0.0,1612653215.688668
167,1.0,0.0,1612653215.714923
168,1.0,0.0,1612653215.741579
169,1.0,0.0,1612653215.765611
170,1.0,0.0,1612653215.7894337
171,1.0,0.0,1612653215.8064039
172,1.0,0.0,1612653215.829938
173,1.0,0.0,1612653215.851694
174,1.0,0.0,1612653215.876241
175,1.0,0.0,1612653215.9021883
176,1.0,0.0,1612653215.927737
177,1.0,0.0,1612653215.9516373
178,1.0,0.0,1612653215.9769099
179,1.0,0.0,1612653216.000395
180,1.0,0.0,1612653216.0183206
181,1.0,0.0,1612653216.0399373
182,1.0,0.0,1612653216.0620172
183,1.0,0.0,1612653216.0878046
184,1.0,0.0,1612653216.1102066
185,1.0,0.0,1612653216.1328528
186,1.0,0.0,1612653216.156558
187,1.0,0.0,1612653216.180981
188,1.0,0.0,1612653216.2052805
189,1.0,0.0,1612653216.22853
190,1.0,0.0,1612653216.2528312
191,1.0,0.0,1612653216.2775493
192,1.0,0.0,1612653216.3004136
193,1.0,0.0,1612653216.3268938
194,1.0,0.0,1612653216.3492212
195,1.0,0.0,1612653216.3761802
196,1.0,0.0,1612653216.4017594
197,1.0,0.0,1612653216.425195
198,1.0,0.0,1612653216.4447231
199,1.0,0.0,1612653216.4638824
200,1.0,0.0,1612653216.4877324
201,1.0,0.0,1612653216.5110955
202,1.0,0.0,1612653216.5370667
203,1.0,0.0,1612653216.5620227
204,1.0,0.0,1612653216.5890367
205,1.0,0.0,1612653216.6139045
206,1.0,0.0,1612653216.6397762
207,1.0,0.0,1612653216.6588278
208,1.0,0.0,1612653216.6799047
209,1.0,0.0,1612653216.7023618
210,1.0,0.0,1612653216.7281651
211,1.0,0.0,1612653216.7526994
212,1.0,0.0,1612653216.77691
213,1.0,0.0,1612653216.802534
214,1.0,0.0,1612653216.826847
215,1.0,0.0,1612653216.8506458
216,1.0,0.0,1612653216.873752
217,1.0,0.0,1612653216.9033952
218,1.0,0.0,1612653216.9292505
219,1.0,0.0,1612653216.9512672
220,1.0,0.0,1612653216.975164
221,1.0,0.0,1612653216.9971406
222,1.0,0.0,1612653217.0223114
223,1.0,0.0,1612653217.0461714
224,1.0,0.0,1612653217.071539
225,1.0,0.0,1612653217.0915086
226,1.0,0.0,1612653217.1095839
227,1.0,0.0,1612653217.1326046
228,1.0,0.0,1612653217.1594896
229,1.0,0.0,1612653217.1821604
230,1.0,0.0,1612653217.2057717
231,1.0,0.0,1612653217.2315013
232,1.0,0.0,1612653217.2548904
233,1.0,0.0,1612653217.2785375
234,1.0,0.0,1612653217.300162
235,1.0,0.0,1612653217.3205826
236,1.0,0.0,1612653217.3458412
237,1.0,0.0,1612653217.3693314
238,1.0,0.0,1612653217.392263
239,1.0,0.0,1612653217.4135635
240,1.0,0.0,1612653217.438893
241,1.0,0.0,1612653217.4626424
242,1.0,0.0,1612653217.4893894
243,1.0,0.0,1612653217.506069
244,1.0,0.0,1612653217.5286186
245,1.0,0.0,1612653217.548931
246,1.0,0.0,1612653217.5739062
247,1.0,0.0,1612653217.6017528
248,1.0,0.0,1612653217.625307
249,1.0,0.0,1612653217.6504922
250,1.0,0.0,1612653217.6748374
251,1.0,0.0,1612653217.6979249
252,1.0,0.0,1612653217.715271
253,1.0,0.0,1612653217.7369237
254,1.0,0.0,1612653217.7606573
255,1.0,0.0,1612653217.7887995
256,1.0,0.0,1612653217.811842
257,1.0,0.0,1612653217.8343956
258,1.0,0.0,1612653217.859087
259,1.0,0.0,1612653217.883872
260,1.0,0.0,1612653217.9071655
261,1.0,0.0,1612653217.9255946
262,1.0,0.0,1612653217.9481564
263,1.0,0.0,1612653217.972426
264,1.0,0.0,1612653217.9965646
265,1.0,0.0,1612653218.022854
266,1.0,0.0,1612653218.045575
267,1.0,0.0,1612653218.070017
268,1.0,0.0,1612653218.0926385
269,1.0,0.0,1612653218.115083
270,1.0,0.0,1612653218.1341023
271,1.0,0.0,1612653218.1601188
272,1.0,0.0,1612653218.1864414
273,1.0,0.0,1612653218.2124808
274,1.0,0.0,1612653218.2363374
275,1.0,0.0,1612653218.2589502
276,1.0,0.0,1612653218.2824535
277,1.0,0.0,1612653218.304361
278,1.0,0.0,1612653218.322401
279,1.0,0.0,1612653218.3399544
280,1.0,0.0,1612653218.3638227
281,1.0,0.0,1612653218.3867872
282,1.0,0.0,1612653218.4100215
283,1.0,0.0,1612653218.4335442
284,1.0,0.0,1612653218.4574902
285,1.0,0.0,1612653218.4820197
286,1.0,0.0,1612653218.5049946
287,1.0,0.0,1612653218.528606
288,1.0,0.0,1612653218.549763
289,1.0,1.0,1612653218.573913
290,1.0,0.0,1612653218.5978556
291,1.0,1.0,1612653218.6209927
292,1.0,1.0,1612653218.6440299
293,1.0,1.0,1612653218.6738381
294,1.0,1.0,1612653218.695018
295,1.0,1.0,1612653218.717922
296,1.0,1.0,1612653218.7389288
297,1.0,1.0,1612653218.760658
298,1.0,1.0,1612653218.7844167
299,1.0,1.0,1612653218.8051503
300,1.0,1.0,1612653218.8276687
301,1.0,1.0,1612653218.8520312
302,1.0,1.0,1612653218.8760743
303,1.0,1.0,1612653218.9016337
304,1.0,1.0,1612653218.9278247
305,1.0,1.0,1612653218.9483418
306,1.0,1.0,1612653218.9680607
307,1.0,1.0,1612653218.9928515
308,1.0,1.0,1612653219.0192163
309,1.0,1.0,1612653219.0427616
310,1.0,1.0,1612653219.0669444
311,1.0,1.0,1612653219.0912192
312,1.0,1.0,1612653219.1149995
313,1.0,1.0,1612653219.1389396
314,1.0,1.0,1612653219.1597998
315,1.0,1.0,1612653219.1842473
316,1.0,1.0,1612653219.208811
317,1.0,1.0,1612653219.2367713
318,1.0,1.0,1612653219.261075
319,1.0,1.0,1612653219.2899115
320,1.0,1.0,1612653219.314975
321,1.0,1.0,1612653219.3420897
322,1.0,1.0,1612653219.360188
323,1.0,1.0,1612653219.380206
324,1.0,1.0,1612653219.4095838
325,1.0,1.0,1612653219.4334388
326,1.0,1.0,1612653219.4550254
327,1.0,1.0,1612653219.4778123
328,1.0,1.0,1612653219.502565
329,1.0,1.0,1612653219.526165
330,1.0,1.0,1612653219.5504951
331,1.0,1.0,1612653219.5699139
332,1.0,1.0,1612653219.594035
333,1.0,1.0,1612653219.616812
334,1.0,1.0,1612653219.6395237
335,1.0,1.0,1612653219.66358
336,1.0,1.0,1612653219.6892745
337,1.0,1.0,1612653219.7121246
338,1.0,1.0,1612653219.7357419
339,1.0,1.0,1612653219.7615933
340,1.0,1.0,1612653219.783644
341,1.0,1.0,1612653219.806452
342,1.0,1.0,1612653219.8306806
343,1.0,1.0,1612653219.8549042
344,1.0,1.0,1612653219.8793225
345,1.0,1.0,1612653219.9021652
346,1.0,1.0,1612653219.9259984
347,1.0,1.0,1612653219.9493
348,1.0,1.0,1612653219.967704
349,1.0,1.0,1612653219.9846733
350,1.0,1.0,1612653220.0028474
351,1.0,1.0,1612653220.0256722
352,1.0,1.0,1612653220.048534
353,1.0,1.0,1612653220.0726085
354,1.0,1.0,1612653220.0950994
355,1.0,1.0,1612653220.120035
356,1.0,1.0,1612653220.1430612
357,1.0,1.0,1612653220.1730394
358,1.0,1.0,1612653220.1919186
359,1.0,1.0,1612653220.2136922
360,1.0,1.0,1612653220.2382312
361,1.0,1.0,1612653220.2622495
362,1.0,1.0,1612653220.2867353
363,1.0,1.0,1612653220.3124633
364,1.0,1.0,1612653220.3365083
365,1.0,1.0,1612653220.3617756
366,1.0,1.0,1612653220.3831832
367,1.0,1.0,1612653220.3999705
368,1.0,1.0,1612653220.4214003
369,1.0,1.0,1612653220.4457173
370,1.0,1.0,1612653220.4693718
371,1.0,1.0,1612653220.4953876
372,1.0,1.0,1612653220.521875
373,1.0,1.0,1612653220.546419
374,1.0,1.0,1612653220.571171
375,1.0,1.0,1612653220.5950723
376,1.0,1.0,1612653220.6167667
377,1.0,1.0,1612653220.6389663
378,1.0,1.0,1612653220.66377
379,1.0,1.0,1612653220.6897624
380,1.0,1.0,1612653220.7137053
381,1.0,1.0,1612653220.736522
382,1.0,1.0,1612653220.7595665
383,1.0,1.0,1612653220.7815826
384,1.0,1.0,1612653220.8072145
385,1.0,1.0,1612653220.8250942
386,1.0,1.0,1612653220.8468204
387,1.0,1.0,1612653220.8727477
388,1.0,1.0,1612653220.8960662
389,1.0,1.0,1612653220.9221838
390,1.0,1.0,1612653220.9459467
391,1.0,1.0,1612653220.9696932
392,1.0,1.0,1612653220.9955382
393,1.0,1.0,1612653221.0212107
394,1.0,1.0,1612653221.0432453
395,1.0,1.0,1612653221.0672338
396,1.0,1.0,1612653221.0952055
397,1.0,1.0,1612653221.1175
398,1.0,1.0,1612653221.139378
399,1.0,1.0,1612653221.1619222
400,1.0,1.0,1612653221.1884725
401,1.0,1.0,1612653221.213485
402,1.0,1.0,1612653221.2315273
403,1.0,1.0,1612653221.2513328
404,1.0,1.0,1612653221.2742457
405,1.0,1.0,1612653221.2961702
406,1.0,1.0,1612653221.3193164
407,1.0,1.0,1612653221.3419137
408,1.0,1.0,1612653221.367036
409,1.0,1.0,1612653221.392268
410,1.0,1.0,1612653221.4148595
411,1.0,1.0,1612653221.435259
412,1.0,1.0,1612653221.4567728
413,1.0,1.0,1612653221.4809403
414,1.0,1.0,1612653221.50868
415,1.0,1.0,1612653221.5320327
416,1.0,1.0,1612653221.5544806
417,1.0,1.0,1612653221.5798697
418,1.0,1.0,1612653221.602372
419,1.0,1.0,1612653221.6287453
420,1.0,1.0,1612653221.645709
421,1.0,1.0,1612653221.6678479
422,1.0,1.0,1612653221.6924536
423,1.0,1.0,1612653221.7140849
424,1.0,1.0,1612653221.7390597
425,1.0,1.0,1612653221.7617855
426,1.0,1.0,1612653221.7846727
427,1.0,1.0,1612653221.8076499
428,1.0,1.0,1612653221.834985
429,1.0,1.0,1612653221.8548288
430,1.0,1.0,1612653221.8799071
431,1.0,1.0,1612653221.9034784
432,1.0,1.0,1612653221.9264832
433,1.0,1.0,1612653221.9502778
434,1.0,1.0,1612653221.9729023
435,1.0,1.0,1612653221.9973195
436,1.0,1.0,1612653222.021409
437,1.0,1.0,1612653222.04019
438,1.0,1.0,1612653222.0582414
439,1.0,1.0,1612653222.082407
440,1.0,1.0,1612653222.1088445
441,1.0,1.0,1612653222.135581
442,1.0,1.0,1612653222.156987
443,1.0,1.0,1612653222.1812139
444,1.0,1.0,1612653222.207707
445,1.0,1.0,1612653222.2319875
446,1.0,1.0,1612653222.2579217
447,1.0,1.0,1612653222.282731
448,1.0,1.0,1612653222.3086944
449,1.0,1.0,1612653222.3321233
450,1.0,1.0,1612653222.355378
451,1.0,1.0,1612653222.3788257
452,1.0,1.0,1612653222.4008782
453,1.0,1.0,1612653222.428625
454,1.0,1.0,1612653222.4532244
455,1.0,1.0,1612653222.480425
456,1.0,1.0,1612653222.4988096
457,1.0,1.0,1612653222.5200095
458,1.0,1.0,1612653222.545777
459,1.0,1.0,1612653222.5669508
460,1.0,1.0,1612653222.5899556
461,1.0,1.0,1612653222.6119664
462,1.0,1.0,1612653222.636427
463,1.0,1.0,1612653222.6596386
464,1.0,1.0,1612653222.6860235
465,1.0,1.0,1612653222.7066212
466,1.0,1.0,1612653222.729448
467,1.0,1.0,1612653222.7533696
468,1.0,1.0,1612653222.7754989
469,1.0,1.0,1612653222.8013911
470,1.0,1.0,1612653222.8246973
471,1.0,1.0,1612653222.8498962
472,1.0,1.0,1612653222.8764768
473,1.0,1.0,1612653222.8977075
474,1.0,1.0,1612653222.919365
475,1.0,1.0,1612653222.9484715
476,1.0,1.0,1612653222.975837
477,1.0,1.0,1612653222.9993577
478,1.0,1.0,1612653223.026052
479,1.0,1.0,1612653223.052528
480,1.0,1.0,1612653223.0767064
481,1.0,1.0,1612653223.1015177
482,1.0,1.0,1612653223.1193113
483,1.0,1.0,1612653223.144488
484,1.0,1.0,1612653223.1667895
485,1.0,1.0,1612653223.1893811
486,1.0,1.0,1612653223.2122068
487,1.0,1.0,1612653223.2344015
488,1.0,1.0,1612653223.2616856
489,1.0,1.0,1612653223.2862465
490,1.0,1.0,1612653223.3096437
491,1.0,1.0,1612653223.3270082
492,1.0,1.0,1612653223.3487985
493,1.0,1.0,1612653223.376257
494,1.0,1.0,1612653223.4014957
495,1.0,1.0,1612653223.4276261
496,1.0,1.0,1612653223.4513533
497,1.0,1.0,1612653223.4748173
498,1.0,1.0,1612653223.4970844
499,1.0,1.0,1612653223.5197217
500,1.0,1.0,1612653223.5368512
501,1.0,1.0,1612653223.5534585
502,1.0,1.0,1612653223.5764384
503,1.0,1.0,1612653223.602187
504,1.0,1.0,1612653223.6302404
505,1.0,1.0,1612653223.6556408
506,1.0,1.0,1612653223.683567
507,1.0,1.0,1612653223.7129476
508,1.0,1.0,1612653223.7367342
509,1.0,1.0,1612653223.755811
510,1.0,1.0,1612653223.7775927
511,1.0,1.0,1612653223.7987936
512,1.0,1.0,1612653223.822117
513,1.0,1.0,1612653223.8456078
514,1.0,1.0,1612653223.8689475
515,1.0,1.0,1612653223.8966186
516,1.0,1.0,1612653223.9202948
517,1.0,1.0,1612653223.9443429
518,1.0,1.0,1612653223.9624655
519,1.0,1.0,1612653223.9836738
520,1.0,1.0,1612653224.0085762
521,1.0,1.0,1612653224.0296874
522,1.0,1.0,1612653224.0566754
523,1.0,1.0,1612653224.08001
524,1.0,1.0,1612653224.1077209
525,1.0,1.0,1612653224.1319208
526,1.0,1.0,1612653224.153817
527,1.0,1.0,1612653224.1712077
528,1.0,1.0,1612653224.1923792
529,1.0,1.0,1612653224.2147915
530,1.0,1.0,1612653224.2386277
531,1.0,1.0,1612653224.2636144
532,1.0,1.0,1612653224.2852564
533,1.0,1.0,1612653224.3071043
534,1.0,1.0,1612653224.3296902
535,1.0,1.0,1612653224.3533092
536,1.0,1.0,1612653224.3743005
537,1.0,1.0,1612653224.3958611
538,1.0,1.0,1612653224.4195473
539,1.0,1.0,1612653224.4459357
540,1.0,1.0,1612653224.4700534
541,1.0,1.0,1612653224.492571
542,1.0,1.0,1612653224.5166326
543,1.0,1.0,1612653224.5402436
544,1.0,1.0,1612653224.5654278
545,1.0,1.0,1612653224.5843072
546,1.0,1.0,1612653224.6079633
547,1.0,1.0,1612653224.6319175
548,1.0,1.0,1612653224.6557941
549,1.0,1.0,1612653224.6833835
550,1.0,1.0,1612653224.7131135
551,1.0,1.0,1612653224.73863
552,1.0,1.0,1612653224.7650602
553,1.0,1.0,1612653224.78463
554,1.0,1.0,1612653224.8062267
555,1.0,1.0,1612653224.8289807
556,1.0,1.0,1612653224.8522723
557,1.0,1.0,1612653224.8755004
558,1.0,1.0,1612653224.899405
559,1.0,1.0,1612653224.9268754
560,1.0,1.0,1612653224.9507847
561,1.0,1.0,1612653224.9777274
562,1.0,1.0,1612653224.9969835
563,1.0,1.0,1612653225.0201159
564,1.0,1.0,1612653225.0437634
565,1.0,1.0,1612653225.0697703
566,1.0,1.0,1612653225.095491
567,1.0,1.0,1612653225.1211565
568,1.0,1.0,1612653225.143774
569,1.0,1.0,1612653225.1667666
570,1.0,1.0,1612653225.185839
571,1.0,1.0,1612653225.2028809
572,1.0,1.0,1612653225.2254791
573,1.0,1.0,1612653225.2522388
574,1.0,1.0,1612653225.2758822
575,1.0,1.0,1612653225.2985446
576,1.0,1.0,1612653225.3227623
577,1.0,1.0,1612653225.3456864
578,1.0,1.0,1612653225.3698044
579,1.0,1.0,1612653225.3899968
580,1.0,1.0,1612653225.4124455
581,1.0,1.0,1612653225.4357953
582,1.0,1.0,1612653225.459163
583,1.0,1.0,1612653225.483506
584,1.0,1.0,1612653225.5124674
585,1.0,1.0,1612653225.538898
586,1.0,1.0,1612653225.561276
587,1.0,1.0,1612653225.582573
588,1.0,1.0,1612653225.6011016
589,1.0,1.0,1612653225.618095
590,1.0,1.0,1612653225.6392653
591,1.0,1.0,1612653225.6626225
592,1.0,1.0,1612653225.692537
593,1.0,1.0,1612653225.7197318
594,1.0,1.0,1612653225.7454753
595,1.0,1.0,1612653225.7695327
596,1.0,1.0,1612653225.7930014
597,1.0,1.0,1612653225.81674
598,1.0,1.0,1612653225.8377826
599,1.0,1.0,1612653225.860282
600,1.0,1.0,1612653225.8832922
601,1.0,1.0,1612653225.9074037
602,1.0,1.0,1612653225.9318037
603,1.0,1.0,1612653225.9537816
604,1.0,1.0,1612653225.9776473
605,1.0,1.0,1612653226.001956
606,1.0,1.0,1612653226.0212395
607,1.0,1.0,1612653226.0385215
608,1.0,1.0,1612653226.0596519
609,1.0,1.0,1612653226.0826616
610,1.0,1.0,1612653226.1055398
611,1.0,1.0,1612653226.1287704
612,1.0,1.0,1612653226.1514766
613,1.0,1.0,1612653226.1754293
614,1.0,1.0,1612653226.1988163
615,1.0,1.0,1612653226.2220333
616,1.0,1.0,1612653226.2408123
617,1.0,1.0,1612653226.2620673
618,1.0,1.0,1612653226.2852855
619,1.0,1.0,1612653226.308828
620,1.0,1.0,1612653226.3328006
621,1.0,1.0,1612653226.3566902
622,1.0,1.0,1612653226.3840883
623,1.0,1.0,1612653226.408761
624,1.0,1.0,1612653226.4339428
625,1.0,1.0,1612653226.454662
626,1.0,1.0,1612653226.4798467
627,1.0,1.0,1612653226.507435
628,1.0,1.0,1612653226.532749
629,1.0,1.0,1612653226.5622578
630,1.0,1.0,1612653226.5856109
631,1.0,1.0,1612653226.613086
632,1.0,1.0,1612653226.639224
633,1.0,1.0,1612653226.6598144
634,1.0,1.0,1612653226.6821594
635,1.0,1.0,1612653226.7043474
636,1.0,1.0,1612653226.7322876
637,1.0,1.0,1612653226.7555842
638,1.0,1.0,1612653226.7804475
639,1.0,1.0,1612653226.8076925
640,1.0,1.0,1612653226.8322594
641,1.0,1.0,1612653226.8517716
642,1.0,1.0,1612653226.8723297
643,1.0,1.0,1612653226.899407
644,1.0,1.0,1612653226.9252574
645,1.0,1.0,1612653226.9491658
646,1.0,1.0,1612653226.9727466
647,1.0,1.0,1612653226.9946282
648,1.0,1.0,1612653227.0159621
649,1.0,1.0,1612653227.0410058
650,1.0,1.0,1612653227.0600924
651,1.0,1.0,1612653227.0845184
652,1.0,1.0,1612653227.1086905
653,1.0,1.0,1612653227.136303
654,1.0,1.0,1612653227.16399
655,1.0,1.0,1612653227.1889067
656,1.0,1.0,1612653227.2128732
657,1.0,1.0,1612653227.2380862
658,1.0,1.0,1612653227.2602403
659,1.0,1.0,1612653227.2830305
660,1.0,1.0,1612653227.3058004
661,1.0,1.0,1612653227.3299034
662,1.0,1.0,1612653227.3550105
663,1.0,1.0,1612653227.3798127
664,1.0,1.0,1612653227.4063263
665,1.0,1.0,1612653227.43014
666,1.0,1.0,1612653227.4549136
667,1.0,1.0,1612653227.472818
668,1.0,1.0,1612653227.5012913
669,1.0,1.0,1612653227.5252502
670,1.0,1.0,1612653227.5488234
671,1.0,1.0,1612653227.5747774
672,1.0,1.0,1612653227.5993702
673,1.0,1.0,1612653227.6239698
674,1.0,1.0,1612653227.6499279
675,1.0,1.0,1612653227.6752255
676,1.0,1.0,1612653227.7018456
677,1.0,1.0,1612653227.73132
678,1.0,1.0,1612653227.7561796
679,1.0,1.0,1612653227.7815413
680,1.0,1.0,1612653227.806477
681,1.0,1.0,1612653227.829209
682,1.0,1.0,1612653227.8535936
683,1.0,1.0,1612653227.8778493
684,1.0,1.0,1612653227.899798
685,1.0,1.0,1612653227.9190936
686,1.0,1.0,1612653227.9359353
687,1.0,1.0,1612653227.958936
688,1.0,1.0,1612653227.9834325
689,1.0,1.0,1612653228.0087664
690,1.0,1.0,1612653228.0310273
691,1.0,1.0,1612653228.0550585
692,1.0,1.0,1612653228.0780113
693,1.0,1.0,1612653228.1040604
694,1.0,1.0,1612653228.124778
695,1.0,1.0,1612653228.1419954
696,1.0,1.0,1612653228.1620874
697,1.0,1.0,1612653228.185505
698,1.0,1.0,1612653228.2134888
699,1.0,1.0,1612653228.2399623
700,1.0,1.0,1612653228.2626371
701,1.0,1.0,1612653228.2864134
702,1.0,1.0,1612653228.3101823
703,1.0,1.0,1612653228.3345904
704,1.0,1.0,1612653228.3519094
705,1.0,1.0,1612653228.3716426
706,1.0,1.0,1612653228.3958013
707,1.0,1.0,1612653228.4228368
708,1.0,1.0,1612653228.446302
709,1.0,1.0,1612653228.4721396
710,1.0,1.0,1612653228.4959016
711,1.0,1.0,1612653228.523133
712,1.0,1.0,1612653228.549826
713,1.0,1.0,1612653228.568842
714,1.0,1.0,1612653228.5928516
715,1.0,1.0,1612653228.6186192
716,1.0,1.0,1612653228.6400666
717,1.0,1.0,1612653228.662823
718,1.0,1.0,1612653228.6867328
719,1.0,1.0,1612653228.7096515
720,1.0,1.0,1612653228.7319183
721,1.0,1.0,1612653228.7530506
722,1.0,1.0,1612653228.7706685
723,1.0,1.0,1612653228.8026922
724,1.0,1.0,1612653228.825829
725,1.0,1.0,1612653228.8496547
726,1.0,1.0,1612653228.8728852
727,1.0,1.0,1612653228.8968017
728,1.0,1.0,1612653228.920199
729,1.0,1.0,1612653228.9437325
730,1.0,1.0,1612653228.9650242
731,1.0,1.0,1612653228.9863968
732,1.0,1.0,1612653229.010255
733,1.0,1.0,1612653229.034484
734,1.0,1.0,1612653229.05916
735,1.0,1.0,1612653229.082108
736,1.0,1.0,1612653229.1064258
737,1.0,1.0,1612653229.1294591
738,1.0,1.0,1612653229.1528676
739,1.0,1.0,1612653229.1718535
740,1.0,1.0,1612653229.1958754
741,1.0,1.0,1612653229.2188659
742,1.0,1.0,1612653229.245089
743,1.0,1.0,1612653229.268799
744,1.0,1.0,1612653229.291355
745,1.0,1.0,1612653229.3135324
746,1.0,1.0,1612653229.3413155
747,1.0,1.0,1612653229.3626776
748,1.0,1.0,1612653229.382011
749,1.0,1.0,1612653229.4064033
750,1.0,1.0,1612653229.4290848
751,1.0,1.0,1612653229.4534624
752,1.0,1.0,1612653229.4784234
753,1.0,1.0,1612653229.508139
754,1.0,1.0,1612653229.5314627
755,1.0,1.0,1612653229.554759
756,1.0,1.0,1612653229.5732586
757,1.0,1.0,1612653229.595651
758,1.0,1.0,1612653229.6198244
759,1.0,1.0,1612653229.6477165
760,1.0,1.0,1612653229.6754892
761,1.0,1.0,1612653229.700604
762,1.0,1.0,1612653229.7255888
763,1.0,1.0,1612653229.7544308
764,1.0,1.0,1612653229.776563
765,1.0,1.0,1612653229.7956889
766,1.0,1.0,1612653229.8184526
767,1.0,1.0,1612653229.8449805
768,1.0,1.0,1612653229.8689322
769,1.0,1.0,1612653229.895552
770,1.0,1.0,1612653229.918775
771,1.0,1.0,1612653229.9463127
772,1.0,1.0,1612653229.9706607
773,1.0,1.0,1612653229.9933965
774,1.0,1.0,1612653230.0155191
775,1.0,1.0,1612653230.03952
776,1.0,1.0,1612653230.0636353
777,1.0,1.0,1612653230.091683
778,1.0,1.0,1612653230.117612
779,1.0,1.0,1612653230.1418872
780,1.0,1.0,1612653230.1680334
781,1.0,1.0,1612653230.194599
782,1.0,1.0,1612653230.2125924
783,1.0,1.0,1612653230.2359095
784,1.0,1.0,1612653230.2580726
785,1.0,1.0,1612653230.2851024
786,1.0,1.0,1612653230.30995
787,1.0,1.0,1612653230.333413
788,1.0,1.0,1612653230.3588645
789,1.0,1.0,1612653230.383132
790,1.0,1.0,1612653230.4026873
791,1.0,1.0,1612653230.4253309
792,1.0,1.0,1612653230.4543915
793,1.0,1.0,1612653230.4758074
794,1.0,1.0,1612653230.4974277
795,1.0,1.0,1612653230.5197287
796,1.0,1.0,1612653230.5443015
797,1.0,1.0,1612653230.571129
798,1.0,1.0,1612653230.593824
799,1.0,1.0,1612653230.6114817
800,1.0,1.0,1612653230.6358576
801,1.0,1.0,1612653230.6615398
802,1.0,1.0,1612653230.68301
803,1.0,1.0,1612653230.705752
804,1.0,1.0,1612653230.727982
805,1.0,1.0,1612653230.7504065
806,1.0,1.0,1612653230.7790406
807,1.0,1.0,1612653230.8009956
808,1.0,1.0,1612653230.8185668
809,1.0,1.0,1612653230.839241
810,1.0,1.0,1612653230.862404
811,1.0,1.0,1612653230.8911068
812,1.0,1.0,1612653230.9157073
813,1.0,1.0,1612653230.9395483
814,1.0,1.0,1612653230.9633925
815,1.0,1.0,1612653230.9894464
816,1.0,1.0,1612653231.016128
817,1.0,1.0,1612653231.044692
818,1.0,1.0,1612653231.0700557
819,1.0,1.0,1612653231.0961103
820,1.0,1.0,1612653231.1215198
821,1.0,1.0,1612653231.1463153
822,1.0,1.0,1612653231.171572
823,1.0,1.0,1612653231.1963363
824,1.0,1.0,1612653231.2231762
825,1.0,1.0,1612653231.2487793
826,1.0,1.0,1612653231.2735245
827,1.0,1.0,1612653231.3024325
828,1.0,1.0,1612653231.3277533
829,1.0,1.0,1612653231.3526917
830,1.0,1.0,1612653231.3786497
831,1.0,1.0,1612653231.407181
832,1.0,1.0,1612653231.432176
833,1.0,1.0,1612653231.456278
834,1.0,1.0,1612653231.480878
835,1.0,1.0,1612653231.5078933
836,1.0,1.0,1612653231.5332673
837,1.0,1.0,1612653231.5590634
838,1.0,1.0,1612653231.5843728
839,1.0,1.0,1612653231.6107442
840,1.0,1.0,1612653231.6350033
841,1.0,1.0,1612653231.6586826
842,1.0,1.0,1612653231.6838617
843,1.0,1.0,1612653231.7067807
844,1.0,1.0,1612653231.7268581
845,1.0,1.0,1612653231.7459848
846,1.0,1.0,1612653231.7743545
847,1.0,1.0,1612653231.7987742
848,1.0,1.0,1612653231.8225617
849,1.0,1.0,1612653231.8450363
850,1.0,1.0,1612653231.868808
851,1.0,1.0,1612653231.8918488
852,1.0,1.0,1612653231.9135876
853,1.0,1.0,1612653231.9328523
854,1.0,1.0,1612653231.955452
855,1.0,1.0,1612653231.978197
856,1.0,1.0,1612653232.0002775
857,1.0,1.0,1612653232.0274112
858,1.0,1.0,1612653232.0511591
859,1.0,1.0,1612653232.075832
860,1.0,1.0,1612653232.0986226
861,1.0,1.0,1612653232.122999
862,1.0,1.0,1612653232.1404002
863,1.0,1.0,1612653232.1570854
864,1.0,1.0,1612653232.1792135
865,1.0,1.0,1612653232.201503
866,1.0,1.0,1612653232.229177
867,1.0,1.0,1612653232.256006
868,1.0,1.0,1612653232.2806396
869,1.0,1.0,1612653232.3035295
870,1.0,1.0,1612653232.325736
871,1.0,1.0,1612653232.3468065
872,1.0,1.0,1612653232.3694777
873,1.0,1.0,1612653232.398835
874,1.0,1.0,1612653232.423776
875,1.0,1.0,1612653232.4472516
876,1.0,1.0,1612653232.4704185
877,1.0,1.0,1612653232.4960668
878,1.0,1.0,1612653232.518141
879,1.0,1.0,1612653232.540366
880,1.0,1.0,1612653232.5593002
881,1.0,1.0,1612653232.5782464
882,1.0,1.0,1612653232.6026454
883,1.0,1.0,1612653232.6245255
884,1.0,1.0,1612653232.6464515
885,1.0,1.0,1612653232.6695228
886,1.0,1.0,1612653232.6922345
887,1.0,1.0,1612653232.7155087
888,1.0,1.0,1612653232.742747
889,1.0,1.0,1612653232.7629325
890,1.0,1.0,1612653232.7873175
891,1.0,1.0,1612653232.8113317
892,1.0,1.0,1612653232.8340013
893,1.0,1.0,1612653232.860333
894,1.0,1.0,1612653232.8845334
895,1.0,1.0,1612653232.9081922
896,1.0,1.0,1612653232.9330184
897,1.0,1.0,1612653232.9594452
898,1.0,1.0,1612653232.9787993
899,1.0,1.0,1612653232.9995508
900,1.0,1.0,1612653233.0228846
901,1.0,1.0,1612653233.046065
902,1.0,1.0,1612653233.0727496
903,1.0,1.0,1612653233.0994847
904,1.0,1.0,1612653233.1228843
905,1.0,1.0,1612653233.1444318
906,1.0,1.0,1612653233.1667504
907,1.0,1.0,1612653233.1887114
908,1.0,1.0,1612653233.208496
909,1.0,1.0,1612653233.2330801
910,1.0,1.0,1612653233.2991424
911,1.0,1.0,1612653233.324897
912,1.0,1.0,1612653233.3464997
913,1.0,1.0,1612653233.3711734
914,1.0,1.0,1612653233.3927948
915,1.0,1.0,1612653233.414044
916,1.0,1.0,1612653233.437977
917,1.0,1.0,1612653233.4619699
918,1.0,1.0,1612653233.4867084
919,1.0,1.0,1612653233.5110836
920,1.0,1.0,1612653233.5367
921,1.0,1.0,1612653233.562628
922,1.0,1.0,1612653233.5850506
923,1.0,1.0,1612653233.6035333
924,1.0,1.0,1612653233.6228743
925,1.0,1.0,1612653233.6723752
926,1.0,1.0,1612653233.7076697
927,1.0,1.0,1612653233.731693
928,1.0,1.0,1612653233.755872
929,1.0,1.0,1612653233.782182
930,1.0,1.0,1612653233.8072033
931,1.0,1.0,1612653233.8323493
932,1.0,1.0,1612653233.8562121
933,1.0,1.0,1612653233.8789291
934,1.0,1.0,1612653233.9019396
935,1.0,1.0,1612653233.9244943
936,1.0,1.0,1612653233.947314
937,1.0,1.0,1612653233.9748867
938,1.0,1.0,1612653233.9991293
939,1.0,1.0,1612653234.0225077
940,1.0,1.0,1612653234.040038
941,1.0,1.0,1612653234.0647233
942,1.0,1.0,1612653234.0912611
943,1.0,1.0,1612653234.115415
944,1.0,1.0,1612653234.1412835
945,1.0,1.0,1612653234.164952
946,1.0,1.0,1612653234.1866798
947,1.0,1.0,1612653234.2094944
948,1.0,1.0,1612653234.234338
949,1.0,1.0,1612653234.252497
950,1.0,1.0,1612653234.2758455
951,1.0,1.0,1612653234.2985632
952,1.0,1.0,1612653234.3255255
953,1.0,1.0,1612653234.3502362
954,1.0,1.0,1612653234.3742497
955,1.0,1.0,1612653234.398213
956,1.0,1.0,1612653234.424809
957,1.0,1.0,1612653234.4477222
958,1.0,1.0,1612653234.4703436
959,1.0,1.0,1612653234.4979105
960,1.0,1.0,1612653234.5259202
961,1.0,1.0,1612653234.5508764
962,1.0,1.0,1612653234.5748174
963,1.0,1.0,1612653234.5982666
964,1.0,1.0,1612653234.624127
965,1.0,1.0,1612653234.6480336
966,1.0,1.0,1612653234.6696837
967,1.0,1.0,1612653234.6931145
968,1.0,1.0,1612653234.7244837
969,1.0,1.0,1612653234.7474763
970,1.0,1.0,1612653234.7706594
971,1.0,1.0,1612653234.7949736
972,1.0,1.0,1612653234.8185167
973,1.0,1.0,1612653234.8457553
974,1.0,1.0,1612653234.8682053
975,1.0,1.0,1612653234.8933854
976,1.0,1.0,1612653234.9173892
977,1.0,1.0,1612653234.9425926
978,1.0,1.0,1612653234.9668422
979,1.0,1.0,1612653234.992739
980,1.0,1.0,1612653235.0194046
981,1.0,1.0,1612653235.042871
982,1.0,1.0,1612653235.0622046
983,1.0,1.0,1612653235.0854182
984,1.0,1.0,1612653235.1097608
985,1.0,1.0,1612653235.1328328
986,1.0,1.0,1612653235.1581094
987,1.0,1.0,1612653235.1810882
988,1.0,1.0,1612653235.2051256
989,1.0,1.0,1612653235.2285328
990,1.0,1.0,1612653235.252197
991,1.0,1.0,1612653235.2709293
992,1.0,1.0,1612653235.294222
993,1.0,1.0,1612653235.3200128
994,1.0,1.0,1612653235.343526
995,1.0,1.0,1612653235.368402
996,1.0,1.0,1612653235.391329
997,1.0,1.0,1612653235.416956
998,1.0,1.0,1612653235.4417212
999,1.0,1.0,1612653235.464443
1000,1.0,1.0,1612653235.4830804
1001,1.0,1.0,1612653235.5094683
1002,1.0,1.0,1612653235.5334501
1003,1.0,1.0,1612653235.558542
1004,1.0,1.0,1612653235.5816424
1005,1.0,1.0,1612653235.6054432
1006,1.0,1.0,1612653235.6294851
1007,1.0,1.0,1612653235.6516554
1008,1.0,1.0,1612653235.6719756
1009,1.0,1.0,1612653235.6897204
1010,1.0,1.0,1612653235.7125325
1011,1.0,1.0,1612653235.7344325
1012,1.0,1.0,1612653235.7573647
1013,1.0,1.0,1612653235.7820415
1014,1.0,1.0,1612653235.8066661
1015,1.0,1.0,1612653235.8302333
1016,1.0,1.0,1612653235.8561409
1017,1.0,1.0,1612653235.8811922
1018,1.0,1.0,1612653235.8992405
1019,1.0,1.0,1612653235.9217668
1020,1.0,1.0,1612653235.9499269
1021,1.0,1.0,1612653235.9747155
1022,1.0,1.0,1612653236.001439
1023,1.0,1.0,1612653236.0235019
1024,1.0,1.0,1612653236.0485818
1025,1.0,1.0,1612653236.0705597
1026,1.0,1.0,1612653236.0922174
1027,1.0,1.0,1612653236.1090817
1028,1.0,1.0,1612653236.1321533
1029,1.0,1.0,1612653236.157671
1030,1.0,1.0,1612653236.1871338
1031,1.0,1.0,1612653236.2112532
1032,1.0,1.0,1612653236.2346132
1033,1.0,1.0,1612653236.2622726
1034,1.0,1.0,1612653236.2863452
1035,1.0,1.0,1612653236.3063624
1036,1.0,1.0,1612653236.3288734
1037,1.0,1.0,1612653236.3561063
1038,1.0,1.0,1612653236.3822627
1039,1.0,1.0,1612653236.4046965
1040,1.0,1.0,1612653236.4281006
1041,1.0,1.0,1612653236.4531276
1042,1.0,1.0,1612653236.4804835
1043,1.0,1.0,1612653236.5008693
1044,1.0,1.0,1612653236.5175195
1045,1.0,1.0,1612653236.540025
1046,1.0,1.0,1612653236.5621202
1047,1.0,1.0,1612653236.5880044
1048,1.0,1.0,1612653236.6133986
1049,1.0,1.0,1612653236.63905
1050,1.0,1.0,1612653236.664588
1051,1.0,1.0,1612653236.6861436
1052,1.0,1.0,1612653236.7089684
1053,1.0,1.0,1612653236.7316244
1054,1.0,1.0,1612653236.7553856
1055,1.0,1.0,1612653236.7784104
1056,1.0,1.0,1612653236.8012762
1057,1.0,1.0,1612653236.8233793
1058,1.0,1.0,1612653236.8465266
1059,1.0,1.0,1612653236.8729513
1060,1.0,1.0,1612653236.9089546
1061,1.0,1.0,1612653236.9337304
1062,1.0,1.0,1612653236.9588888
1063,1.0,1.0,1612653236.9852374
1064,1.0,1.0,1612653237.0100584
1065,1.0,1.0,1612653237.0325043
1066,1.0,1.0,1612653237.0574574
1067,1.0,1.0,1612653237.081992
1068,1.0,1.0,1612653237.1062958
1069,1.0,1.0,1612653237.122733
1070,1.0,1.0,1612653237.1457822
1071,1.0,1.0,1612653237.1689887
1072,1.0,1.0,1612653237.191928
1073,1.0,1.0,1612653237.2157068
1074,1.0,1.0,1612653237.238061
1075,1.0,1.0,1612653237.2623549
1076,1.0,1.0,1612653237.286686
1077,1.0,1.0,1612653237.3111424
1078,1.0,1.0,1612653237.33373
1079,1.0,1.0,1612653237.3579812
1080,1.0,1.0,1612653237.3802989
1081,1.0,1.0,1612653237.4045796
1082,1.0,1.0,1612653237.4290757
1083,1.0,1.0,1612653237.4524765
1084,1.0,1.0,1612653237.4748662
1085,1.0,1.0,1612653237.4970446
1086,1.0,1.0,1612653237.5170252
1087,1.0,1.0,1612653237.5350502
1088,1.0,1.0,1612653237.5556486
1089,1.0,1.0,1612653237.5828218
1090,1.0,1.0,1612653237.6076303
1091,1.0,1.0,1612653237.6298485
1092,1.0,1.0,1612653237.6543455
1093,1.0,1.0,1612653237.679727
1094,1.0,1.0,1612653237.703411
1095,1.0,1.0,1612653237.7297254
1096,1.0,1.0,1612653237.7498214
1097,1.0,1.0,1612653237.775991
1098,1.0,1.0,1612653237.8003793
1099,1.0,1.0,1612653237.8243978
1100,1.0,1.0,1612653237.849121
1101,1.0,1.0,1612653237.8762045
1102,1.0,1.0,1612653237.9038448
1103,1.0,1.0,1612653237.9310997
1104,1.0,1.0,1612653237.9495625
1105,1.0,1.0,1612653237.9685051
1106,1.0,1.0,1612653237.9923873
1107,1.0,1.0,1612653238.0185144
1108,1.0,1.0,1612653238.0452404
1109,1.0,1.0,1612653238.0688355
1110,1.0,1.0,1612653238.0917916
1111,1.0,1.0,1612653238.1164296
1112,1.0,1.0,1612653238.1406467
1113,1.0,1.0,1612653238.159655
1114,1.0,1.0,1612653238.1760066
1115,1.0,1.0,1612653238.1963382
1116,1.0,1.0,1612653238.2215164
1117,1.0,1.0,1612653238.2492716
1118,1.0,1.0,1612653238.2732785
1119,1.0,1.0,1612653238.3018594
1120,1.0,1.0,1612653238.3259158
1121,1.0,1.0,1612653238.3481002
1122,1.0,1.0,1612653238.3689241
1123,1.0,1.0,1612653238.3883092
1124,1.0,1.0,1612653238.4149868
1125,1.0,1.0,1612653238.4399838
1126,1.0,1.0,1612653238.4679725
1127,1.0,1.0,1612653238.492553
1128,1.0,1.0,1612653238.5198932
1129,1.0,1.0,1612653238.547843
1130,1.0,1.0,1612653238.575212
1131,1.0,1.0,1612653238.5917602
1132,1.0,1.0,1612653238.6141684
1133,1.0,1.0,1612653238.6374907
1134,1.0,1.0,1612653238.6598518
1135,1.0,1.0,1612653238.6827707
1136,1.0,1.0,1612653238.705766
1137,1.0,1.0,1612653238.7310226
1138,1.0,1.0,1612653238.7585897
1139,1.0,1.0,1612653238.7811198
1140,1.0,1.0,1612653238.7999275
1141,1.0,1.0,1612653238.8255165
1142,1.0,1.0,1612653238.8485067
1143,1.0,1.0,1612653238.8727782
1144,1.0,1.0,1612653238.896288
1145,1.0,1.0,1612653238.922043
1146,1.0,1.0,1612653238.9480348
1147,1.0,1.0,1612653238.9731517
1148,1.0,1.0,1612653238.993032
1149,1.0,1.0,1612653239.016382
1150,1.0,1.0,1612653239.0393746
1151,1.0,1.0,1612653239.062316
1152,1.0,1.0,1612653239.0856874
1153,1.0,1.0,1612653239.107984
1154,1.0,1.0,1612653239.1329067
1155,1.0,1.0,1612653239.1554427
1156,1.0,1.0,1612653239.1781814
1157,1.0,1.0,1612653239.1965463
1158,1.0,1.0,1612653239.217209
1159,1.0,1.0,1612653239.2413177
1160,1.0,1.0,1612653239.2658498
1161,1.0,1.0,1612653239.2886338
1162,1.0,1.0,1612653239.31183
1163,1.0,1.0,1612653239.3354652
1164,1.0,1.0,1612653239.3586144
1165,1.0,1.0,1612653239.3853986
1166,1.0,1.0,1612653239.4041069
1167,1.0,1.0,1612653239.425472
1168,1.0,1.0,1612653239.4492471
1169,1.0,1.0,1612653239.4733255
1170,1.0,1.0,1612653239.4985242
1171,1.0,1.0,1612653239.5204272
1172,1.0,1.0,1612653239.5465655
1173,1.0,1.0,1612653239.5725288
1174,1.0,1.0,1612653239.596603
1175,1.0,1.0,1612653239.6133883
1176,1.0,1.0,1612653239.636348
1177,1.0,1.0,1612653239.6590788
1178,1.0,1.0,1612653239.6823366
1179,1.0,1.0,1612653239.7067473
1180,1.0,1.0,1612653239.7296243
1181,1.0,1.0,1612653239.7560549
1182,1.0,1.0,1612653239.7788584
1183,1.0,2.0,1612653239.802064
1184,1.0,2.0,1612653239.8230648
1185,1.0,2.0,1612653239.8477597
1186,1.0,2.0,1612653239.8704834
1187,1.0,2.0,1612653239.8979034
1188,1.0,2.0,1612653239.9210865
1189,1.0,2.0,1612653239.9431448
1190,1.0,2.0,1612653239.969689
1191,1.0,2.0,1612653239.9916503
1192,1.0,2.0,1612653240.01386
1193,1.0,2.0,1612653240.0318344
1194,1.0,2.0,1612653240.0540226
1195,1.0,2.0,1612653240.0784552
1196,1.0,2.0,1612653240.1029413
1197,1.0,2.0,1612653240.127621
1198,1.0,1.0,1612653240.1520133
1199,1.0,1.0,1612653240.1781526
1200,1.0,1.0,1612653240.2048721
1201,1.0,1.0,1612653240.228631
1202,1.0,1.0,1612653240.2454283
1203,1.0,2.0,1612653240.2683005
1204,1.0,1.0,1612653240.2921455
1205,1.0,2.0,1612653240.3188028
1206,1.0,2.0,1612653240.3416781
1207,1.0,2.0,1612653240.3624978
1208,1.0,2.0,1612653240.384998
1209,1.0,2.0,1612653240.407598
1210,1.0,2.0,1612653240.4291685
1211,1.0,2.0,1612653240.4479084
1212,1.0,2.0,1612653240.4669218
1213,1.0,2.0,1612653240.4890966
1214,1.0,2.0,1612653240.5113602
1215,1.0,2.0,1612653240.5370467
1216,1.0,2.0,1612653240.5603304
1217,1.0,2.0,1612653240.5853255
1218,1.0,2.0,1612653240.6120481
1219,1.0,2.0,1612653240.639655
1220,1.0,2.0,1612653240.6566637
1221,1.0,2.0,1612653240.6788273
1222,1.0,2.0,1612653240.7012262
1223,1.0,2.0,1612653240.7264795
1224,1.0,2.0,1612653240.7538962
1225,1.0,2.0,1612653240.7777567
1226,1.0,2.0,1612653240.8020577
1227,1.0,2.0,1612653240.8255277
1228,1.0,2.0,1612653240.8466759
1229,1.0,2.0,1612653240.86371
1230,1.0,2.0,1612653240.8857043
1231,1.0,2.0,1612653240.9080696
1232,1.0,2.0,1612653240.9329305
1233,1.0,2.0,1612653240.9558694
1234,1.0,2.0,1612653240.9787204
1235,1.0,2.0,1612653241.0020416
1236,1.0,2.0,1612653241.025207
1237,1.0,2.0,1612653241.0478709
1238,1.0,2.0,1612653241.065867
1239,1.0,2.0,1612653241.0864644
1240,1.0,2.0,1612653241.110006
1241,1.0,2.0,1612653241.1325154
1242,1.0,2.0,1612653241.155959
1243,1.0,2.0,1612653241.1803522
1244,1.0,2.0,1612653241.204594
1245,1.0,2.0,1612653241.2279606
1246,1.0,2.0,1612653241.252565
1247,1.0,2.0,1612653241.2781932
1248,1.0,2.0,1612653241.3026826
1249,1.0,2.0,1612653241.3296652
1250,1.0,1.0,1612653241.352523
1251,1.0,1.0,1612653241.375458
1252,1.0,1.0,1612653241.3995311
1253,1.0,1.0,1612653241.4228468
1254,1.0,1.0,1612653241.44907
1255,1.0,1.0,1612653241.47486
1256,1.0,1.0,1612653241.4998727
1257,1.0,1.0,1612653241.5185382
1258,1.0,1.0,1612653241.5425746
1259,1.0,1.0,1612653241.569315
1260,1.0,1.0,1612653241.5952625
1261,1.0,1.0,1612653241.6201675
1262,1.0,1.0,1612653241.6486473
1263,1.0,1.0,1612653241.675275
1264,1.0,1.0,1612653241.7001266
1265,1.0,1.0,1612653241.7240837
1266,1.0,1.0,1612653241.7458825
1267,1.0,1.0,1612653241.7752755
1268,1.0,1.0,1612653241.799944
1269,1.0,1.0,1612653241.8222883
1270,1.0,1.0,1612653241.846012
1271,1.0,1.0,1612653241.8694267
1272,1.0,1.0,1612653241.8960822
1273,1.0,1.0,1612653241.9214406
1274,1.0,1.0,1612653241.9465034
1275,1.0,1.0,1612653241.9654849
1276,1.0,1.0,1612653241.9852064
1277,1.0,1.0,1612653242.008704
1278,1.0,1.0,1612653242.0321083
1279,1.0,1.0,1612653242.056156
1280,1.0,1.0,1612653242.078407
1281,1.0,1.0,1612653242.1014738
1282,1.0,1.0,1612653242.1266394
1283,1.0,1.0,1612653242.1499903
1284,1.0,1.0,1612653242.171568
1285,1.0,1.0,1612653242.1900022
1286,1.0,1.0,1612653242.2142208
1287,1.0,1.0,1612653242.2374332
1288,1.0,1.0,1612653242.2609894
1289,1.0,1.0,1612653242.2832747
1290,1.0,1.0,1612653242.31293
1291,1.0,1.0,1612653242.3389595
1292,1.0,1.0,1612653242.3630264
1293,1.0,1.0,1612653242.3852549
1294,1.0,1.0,1612653242.4064903
1295,1.0,1.0,1612653242.429579
1296,1.0,1.0,1612653242.4599557
1297,1.0,1.0,1612653242.4830208
1298,1.0,1.0,1612653242.5092082
1299,1.0,1.0,1612653242.5339437
1300,1.0,1.0,1612653242.559495
1301,1.0,1.0,1612653242.581936
1302,1.0,1.0,1612653242.6008942
1303,1.0,1.0,1612653242.6230423
1304,1.0,1.0,1612653242.6454628
1305,1.0,1.0,1612653242.6667361
1306,1.0,1.0,1612653242.691362
1307,1.0,1.0,1612653242.7171319
1308,1.0,1.0,1612653242.7427845
1309,1.0,1.0,1612653242.7665017
1310,1.0,1.0,1612653242.795468
1311,1.0,1.0,1612653242.8137844
1312,1.0,1.0,1612653242.8384094
1313,1.0,1.0,1612653242.863168
1314,1.0,1.0,1612653242.886879
1315,1.0,1.0,1612653242.9117935
1316,1.0,1.0,1612653242.9358163
1317,1.0,1.0,1612653242.9647658
1318,1.0,1.0,1612653242.989046
1319,1.0,1.0,1612653243.0111167
1320,1.0,1.0,1612653243.0291147
1321,1.0,1.0,1612653243.0554893
1322,1.0,1.0,1612653243.0815308
1323,1.0,1.0,1612653243.1060748
1324,1.0,1.0,1612653243.1300514
1325,1.0,1.0,1612653243.1558218
1326,1.0,1.0,1612653243.1841886
1327,1.0,1.0,1612653243.2123053
1328,1.0,1.0,1612653243.2298036
1329,1.0,1.0,1612653243.250569
1330,1.0,1.0,1612653243.2754724
1331,1.0,1.0,1612653243.2983956
1332,1.0,1.0,1612653243.3268306
1333,1.0,1.0,1612653243.348655
1334,1.0,1.0,1612653243.3735435
1335,1.0,1.0,1612653243.3994596
1336,1.0,1.0,1612653243.4235017
1337,1.0,1.0,1612653243.4456377
1338,1.0,1.0,1612653243.4683762
1339,1.0,1.0,1612653243.494101
1340,1.0,1.0,1612653243.51845
1341,1.0,1.0,1612653243.5450263
1342,1.0,1.0,1612653243.5685382
1343,1.0,1.0,1612653243.592625
1344,1.0,1.0,1612653243.6180558
1345,1.0,1.0,1612653243.636342
1346,1.0,1.0,1612653243.6595972
1347,1.0,1.0,1612653243.6829116
1348,1.0,1.0,1612653243.7064614
1349,1.0,1.0,1612653243.7327013
1350,1.0,1.0,1612653243.7563517
1351,1.0,1.0,1612653243.7859097
1352,1.0,1.0,1612653243.8101
1353,1.0,1.0,1612653243.8316233
1354,1.0,1.0,1612653243.853003
1355,1.0,1.0,1612653243.8767507
1356,1.0,1.0,1612653243.8998432
1357,1.0,1.0,1612653243.9252677
1358,1.0,1.0,1612653243.9496858
1359,1.0,1.0,1612653243.9774415
1360,1.0,1.0,1612653244.0043433
1361,1.0,1.0,1612653244.028253
1362,1.0,1.0,1612653244.0485752
1363,1.0,1.0,1612653244.072716
1364,1.0,1.0,1612653244.0986304
1365,1.0,1.0,1612653244.124694
1366,1.0,1.0,1612653244.1497645
1367,1.0,1.0,1612653244.1736956
1368,1.0,1.0,1612653244.2001345
1369,1.0,1.0,1612653244.2256114
1370,1.0,1.0,1612653244.2464392
1371,1.0,1.0,1612653244.269034
1372,1.0,1.0,1612653244.2933974
1373,1.0,1.0,1612653244.3182878
1374,1.0,1.0,1612653244.3463855
1375,1.0,1.0,1612653244.372197
1376,1.0,1.0,1612653244.396404
1377,1.0,1.0,1612653244.421323
1378,1.0,1.0,1612653244.4409144
1379,1.0,1.0,1612653244.4850419
1380,1.0,1.0,1612653244.5095258
1381,1.0,1.0,1612653244.5356574
1382,1.0,1.0,1612653244.5633082
1383,1.0,1.0,1612653244.5874112
1384,1.0,1.0,1612653244.6116555
1385,1.0,1.0,1612653244.635613
1386,1.0,1.0,1612653244.6589072
1387,1.0,1.0,1612653244.6844723
1388,1.0,1.0,1612653244.7065096
1389,1.0,1.0,1612653244.7289958
1390,1.0,1.0,1612653244.7525566
1391,1.0,1.0,1612653244.7801995
1392,1.0,1.0,1612653244.8070443
1393,1.0,1.0,1612653244.832239
1394,1.0,1.0,1612653244.8562558
1395,1.0,1.0,1612653244.881902
1396,1.0,1.0,1612653244.906664
1397,1.0,1.0,1612653244.926036
1398,1.0,1.0,1612653244.9533637
1399,1.0,1.0,1612653244.9762988
1400,1.0,1.0,1612653245.0027
1401,1.0,1.0,1612653245.0284383
1402,1.0,1.0,1612653245.0579267
1403,1.0,1.0,1612653245.085125
1404,1.0,1.0,1612653245.1100202
1405,1.0,1.0,1612653245.1275616
1406,1.0,1.0,1612653245.151778
1407,1.0,1.0,1612653245.1732416
1408,1.0,1.0,1612653245.1967535
1409,1.0,1.0,1612653245.22197
1410,1.0,1.0,1612653245.2458208
1411,1.0,1.0,1612653245.2718503
1412,1.0,1.0,1612653245.2958155
1413,1.0,1.0,1612653245.31616
1414,1.0,1.0,1612653245.3411374
1415,1.0,1.0,1612653245.3648105
1416,1.0,1.0,1612653245.3881223
1417,1.0,1.0,1612653245.413625
1418,1.0,1.0,1612653245.4383032
1419,1.0,1.0,1612653245.4608395
1420,1.0,1.0,1612653245.4867628
1421,1.0,1.0,1612653245.5161037
1422,1.0,1.0,1612653245.5387328
1423,1.0,1.0,1612653245.5597525
1424,1.0,1.0,1612653245.582485
1425,1.0,1.0,1612653245.6078053
1426,1.0,1.0,1612653245.6303213
1427,1.0,1.0,1612653245.6544404
1428,1.0,1.0,1612653245.6778758
1429,1.0,1.0,1612653245.7031097
1430,1.0,1.0,1612653245.727957
1431,1.0,1.0,1612653245.7462676
1432,1.0,1.0,1612653245.7701318
1433,1.0,1.0,1612653245.795041
1434,1.0,1.0,1612653245.8235364
1435,1.0,1.0,1612653245.8498387
1436,1.0,1.0,1612653245.8731906
1437,1.0,1.0,1612653245.9006364
1438,1.0,1.0,1612653245.9269438
1439,1.0,1.0,1612653245.9494455
1440,1.0,1.0,1612653245.9744487
1441,1.0,1.0,1612653245.997621
1442,1.0,1.0,1612653246.0195885
1443,1.0,1.0,1612653246.043836
1444,1.0,1.0,1612653246.071205
1445,1.0,1.0,1612653246.0997396
1446,1.0,1.0,1612653246.125477
1447,1.0,1.0,1612653246.1482987
1448,1.0,1.0,1612653246.1709633
1449,1.0,1.0,1612653246.192717
1450,1.0,1.0,1612653246.2187023
1451,1.0,1.0,1612653246.2415504
1452,1.0,1.0,1612653246.264379
1453,1.0,1.0,1612653246.2860584
1454,1.0,1.0,1612653246.3084395
1455,1.0,1.0,1612653246.3303556
1456,1.0,1.0,1612653246.3501315
1457,1.0,1.0,1612653246.37387
1458,1.0,1.0,1612653246.3992295
1459,1.0,1.0,1612653246.4233463
1460,1.0,1.0,1612653246.448308
1461,1.0,1.0,1612653246.472809
1462,1.0,1.0,1612653246.5044727
1463,1.0,1.0,1612653246.529449
1464,1.0,1.0,1612653246.558277
1465,1.0,1.0,1612653246.5819058
1466,1.0,1.0,1612653246.6064527
1467,1.0,1.0,1612653246.6319294
1468,1.0,1.0,1612653246.6564946
1469,1.0,1.0,1612653246.6799502
1470,1.0,1.0,1612653246.704547
1471,1.0,1.0,1612653246.7263694
1472,1.0,1.0,1612653246.7515984
1473,1.0,1.0,1612653246.7733867
1474,1.0,1.0,1612653246.800444
1475,1.0,1.0,1612653246.8281205
1476,1.0,1.0,1612653246.8514423
1477,1.0,1.0,1612653246.8729777
1478,1.0,1.0,1612653246.8970993
1479,1.0,1.0,1612653246.9198635
1480,1.0,1.0,1612653246.942671
1481,1.0,1.0,1612653246.9616916
1482,1.0,1.0,1612653246.9835317
1483,1.0,1.0,1612653247.010393
1484,1.0,1.0,1612653247.035277
1485,1.0,1.0,1612653247.0626814
1486,1.0,1.0,1612653247.0862334
1487,1.0,1.0,1612653247.109084
1488,1.0,1.0,1612653247.1358948
1489,1.0,1.0,1612653247.159868
1490,1.0,1.0,1612653247.179082
1491,1.0,1.0,1612653247.2033331
1492,1.0,1.0,1612653247.2283294
1493,1.0,1.0,1612653247.2530107
1494,1.0,1.0,1612653247.277563
1495,1.0,1.0,1612653247.2999852
1496,1.0,1.0,1612653247.3263216
1497,1.0,1.0,1612653247.3536146
1498,1.0,1.0,1612653247.3746388
1499,1.0,1.0,1612653247.392993
1500,1.0,1.0,1612653247.4149704
1501,1.0,1.0,1612653247.4397125
1502,1.0,1.0,1612653247.4676063
1503,1.0,1.0,1612653247.4907868
1504,1.0,1.0,1612653247.5144176
1505,1.0,1.0,1612653247.539111
1506,1.0,1.0,1612653247.5625792
1507,1.0,1.0,1612653247.5874023
1508,1.0,1.0,1612653247.6062663
1509,1.0,1.0,1612653247.631571
1510,1.0,1.0,1612653247.6559577
1511,1.0,1.0,1612653247.6802711
1512,1.0,1.0,1612653247.7053065
1513,1.0,1.0,1612653247.7285788
1514,1.0,1.0,1612653247.7522862
1515,1.0,1.0,1612653247.7790728
1516,1.0,1.0,1612653247.7982905
1517,1.0,1.0,1612653247.815791
1518,1.0,1.0,1612653247.8374257
1519,1.0,1.0,1612653247.8615582
1520,1.0,1.0,1612653247.9097981
1521,1.0,1.0,1612653247.9353485
1522,1.0,1.0,1612653247.9583633
1523,1.0,1.0,1612653247.9832592
1524,1.0,1.0,1612653248.009275
1525,1.0,1.0,1612653248.031444
1526,1.0,1.0,1612653248.0526493
1527,1.0,1.0,1612653248.077678
1528,1.0,1.0,1612653248.107755
1529,1.0,1.0,1612653248.1327584
1530,1.0,1.0,1612653248.155263
1531,1.0,1.0,1612653248.178514
1532,1.0,1.0,1612653248.2007828
1533,1.0,1.0,1612653248.2229226
1534,1.0,1.0,1612653248.241594
1535,1.0,1.0,1612653248.2658212
1536,1.0,1.0,1612653248.2898986
1537,1.0,1.0,1612653248.3158686
1538,1.0,1.0,1612653248.3390126
1539,1.0,1.0,1612653248.3639505
1540,1.0,1.0,1612653248.3869174
1541,1.0,1.0,1612653248.4090817
1542,1.0,1.0,1612653248.4324925
1543,1.0,1.0,1612653248.4545462
1544,1.0,1.0,1612653248.4785974
1545,1.0,1.0,1612653248.5011408
1546,1.0,1.0,1612653248.5253975
1547,1.0,1.0,1612653248.5478306
1548,1.0,1.0,1612653248.5714655
1549,1.0,1.0,1612653248.5956237
1550,1.0,1.0,1612653248.618319
1551,1.0,1.0,1612653248.6386223
1552,1.0,1.0,1612653248.6606731
1553,1.0,1.0,1612653248.6855605
1554,1.0,1.0,1612653248.7101018
1555,1.0,1.0,1612653248.7378268
1556,1.0,1.0,1612653248.7648482
1557,1.0,1.0,1612653248.7882075
1558,1.0,1.0,1612653248.8100054
1559,1.0,1.0,1612653248.8351216
1560,1.0,1.0,1612653248.85348
1561,1.0,1.0,1612653248.876519
1562,1.0,1.0,1612653248.9011948
1563,1.0,1.0,1612653248.9246569
1564,1.0,1.0,1612653248.9487224
1565,1.0,1.0,1612653248.9761412
1566,1.0,1.0,1612653248.9999168
1567,1.0,1.0,1612653249.024247
1568,1.0,1.0,1612653249.0448918
1569,1.0,1.0,1612653249.067706
1570,1.0,1.0,1612653249.0908747
1571,1.0,1.0,1612653249.1146803
1572,1.0,1.0,1612653249.1400647
1573,1.0,1.0,1612653249.1679049
1574,1.0,1.0,1612653249.1922197
1575,1.0,1.0,1612653249.2159505
1576,1.0,1.0,1612653249.2377872
1577,1.0,1.0,1612653249.2555082
1578,1.0,1.0,1612653249.2770867
1579,1.0,1.0,1612653249.303218
1580,1.0,1.0,1612653249.3289707
1581,1.0,1.0,1612653249.351188
1582,1.0,1.0,1612653249.3753603
1583,1.0,1.0,1612653249.4018636
1584,1.0,1.0,1612653249.4243026
1585,1.0,1.0,1612653249.447006
1586,1.0,1.0,1612653249.4637656
1587,1.0,1.0,1612653249.48605
1588,1.0,1.0,1612653249.5128713
1589,1.0,1.0,1612653249.5401523
1590,1.0,1.0,1612653249.5625732
1591,1.0,1.0,1612653249.587892
1592,1.0,1.0,1612653249.612687
1593,1.0,1.0,1612653249.635953
1594,1.0,1.0,1612653249.6588564
1595,1.0,1.0,1612653249.6793704
1596,1.0,1.0,1612653249.7062783
1597,1.0,1.0,1612653249.7320092
1598,1.0,1.0,1612653249.7565086
1599,1.0,1.0,1612653249.7813153
1600,1.0,1.0,1612653249.8051784
1601,1.0,1.0,1612653249.8277364
1602,1.0,1.0,1612653249.8495708
1603,1.0,1.0,1612653249.868144
1604,1.0,1.0,1612653249.8859026
1605,1.0,1.0,1612653249.9083152
1606,1.0,1.0,1612653249.932977
1607,1.0,1.0,1612653249.9599755
1608,1.0,1.0,1612653249.987509
1609,1.0,1.0,1612653250.0099423
1610,1.0,1.0,1612653250.0345757
1611,1.0,1.0,1612653250.0561194
1612,1.0,1.0,1612653250.0784144
1613,1.0,1.0,1612653250.095643
1614,1.0,1.0,1612653250.1194417
1615,1.0,1.0,1612653250.1434178
1616,1.0,1.0,1612653250.1710644
1617,1.0,1.0,1612653250.193782
1618,1.0,1.0,1612653250.216199
1619,1.0,1.0,1612653250.2422807
1620,1.0,1.0,1612653250.2661085
1621,1.0,1.0,1612653250.2888021
1622,1.0,1.0,1612653250.3093545
1623,1.0,1.0,1612653250.3362718
1624,1.0,1.0,1612653250.3627543
1625,1.0,1.0,1612653250.388389
1626,1.0,1.0,1612653250.4175086
1627,1.0,1.0,1612653250.442638
1628,1.0,1.0,1612653250.4695036
1629,1.0,1.0,1612653250.489741
1630,1.0,1.0,1612653250.5075116
1631,1.0,1.0,1612653250.5340984
1632,1.0,1.0,1612653250.559944
1633,1.0,1.0,1612653250.585522
1634,1.0,1.0,1612653250.6090984
1635,1.0,1.0,1612653250.6338768
1636,1.0,1.0,1612653250.6586027
1637,1.0,1.0,1612653250.6824825
1638,1.0,1.0,1612653250.7046192
1639,1.0,1.0,1612653250.7259545
1640,1.0,1.0,1612653250.749237
1641,1.0,1.0,1612653250.7734828
1642,1.0,1.0,1612653250.799242
1643,1.0,1.0,1612653250.821288
1644,1.0,1.0,1612653250.8468902
1645,1.0,1.0,1612653250.8721397
1646,1.0,1.0,1612653250.8968809
1647,1.0,1.0,1612653250.9154048
1648,1.0,1.0,1612653250.940178
1649,1.0,1.0,1612653250.9652262
1650,1.0,1.0,1612653250.9924142
1651,1.0,1.0,1612653251.0168796
1652,1.0,1.0,1612653251.0410724
1653,1.0,1.0,1612653251.0654585
1654,1.0,1.0,1612653251.0932043
1655,1.0,1.0,1612653251.115504
1656,1.0,1.0,1612653251.1387796
1657,1.0,1.0,1612653251.1650884
1658,1.0,1.0,1612653251.1901476
1659,1.0,1.0,1612653251.2127833
1660,1.0,1.0,1612653251.2365148
1661,1.0,1.0,1612653251.2622588
1662,1.0,1.0,1612653251.2859666
1663,1.0,1.0,1612653251.3085659
1664,1.0,1.0,1612653251.3286953
1665,1.0,1.0,1612653251.3524103
1666,1.0,1.0,1612653251.3752754
1667,1.0,1.0,1612653251.398195
1668,1.0,1.0,1612653251.4210649
1669,1.0,1.0,1612653251.446003
1670,1.0,1.0,1612653251.4699147
1671,1.0,1.0,1612653251.4968724
1672,1.0,1.0,1612653251.5234609
1673,1.0,1.0,1612653251.554817
1674,1.0,1.0,1612653251.5813699
1675,1.0,1.0,1612653251.605811
1676,1.0,1.0,1612653251.6295865
1677,1.0,1.0,1612653251.6537883
1678,1.0,1.0,1612653251.6752722
1679,1.0,1.0,1612653251.700139
1680,1.0,1.0,1612653251.7225463
1681,1.0,1.0,1612653251.748662
1682,1.0,1.0,1612653251.7686107
1683,1.0,1.0,1612653251.7935407
1684,1.0,1.0,1612653251.817673
1685,1.0,1.0,1612653251.8428514
1686,1.0,1.0,1612653251.867897
1687,1.0,1.0,1612653251.8921895
1688,1.0,1.0,1612653251.9160867
1689,1.0,1.0,1612653251.9401991
1690,1.0,1.0,1612653251.9632876
1691,1.0,1.0,1612653251.9850614
1692,1.0,1.0,1612653252.0099177
1693,1.0,1.0,1612653252.032323
1694,1.0,1.0,1612653252.0582232
1695,1.0,1.0,1612653252.0809495
1696,1.0,1.0,1612653252.105722
1697,1.0,1.0,1612653252.129833
1698,1.0,1.0,1612653252.1557622
1699,1.0,1.0,1612653252.1743016
1700,1.0,1.0,1612653252.1937652
1701,1.0,1.0,1612653252.2169151
1702,1.0,1.0,1612653252.2403324
1703,1.0,1.0,1612653252.268285
1704,1.0,1.0,1612653252.2908921
1705,1.0,1.0,1612653252.3147976
1706,1.0,1.0,1612653252.3402896
1707,1.0,1.0,1612653252.3629358
1708,1.0,1.0,1612653252.3829205
1709,1.0,1.0,1612653252.4011896
1710,1.0,1.0,1612653252.4246516
1711,1.0,1.0,1612653252.4481838
1712,1.0,1.0,1612653252.4719284
1713,1.0,1.0,1612653252.4991896
1714,1.0,1.0,1612653252.5247426
1715,1.0,1.0,1612653252.5553045
1716,1.0,1.0,1612653252.5842803
1717,1.0,1.0,1612653252.6013525
1718,1.0,1.0,1612653252.622795
1719,1.0,1.0,1612653252.6483376
1720,1.0,2.0,1612653252.670762
1721,1.0,2.0,1612653252.696431
1722,1.0,2.0,1612653252.726253
1723,1.0,2.0,1612653252.7562573
1724,1.0,1.0,1612653252.778921
1725,1.0,1.0,1612653252.7990084
1726,1.0,1.0,1612653252.8217492
1727,1.0,1.0,1612653252.8454952
1728,1.0,1.0,1612653252.870971
1729,1.0,1.0,1612653252.895582
1730,1.0,1.0,1612653252.9228365
1731,1.0,1.0,1612653252.946855
1732,1.0,1.0,1612653252.9712315
1733,1.0,1.0,1612653252.9963458
1734,1.0,1.0,1612653253.014772
1735,1.0,1.0,1612653253.0372021
1736,1.0,1.0,1612653253.0601695
1737,1.0,1.0,1612653253.0870805
1738,1.0,1.0,1612653253.1132483
1739,1.0,1.0,1612653253.1363156
1740,1.0,1.0,1612653253.1612444
1741,1.0,1.0,1612653253.1874928
1742,1.0,1.0,1612653253.2128108
1743,1.0,1.0,1612653253.2324317
1744,1.0,1.0,1612653253.2554653
1745,1.0,1.0,1612653253.2788465
1746,1.0,1.0,1612653253.303541
1747,1.0,1.0,1612653253.3262594
1748,1.0,1.0,1612653253.3536355
1749,1.0,1.0,1612653253.3826187
1750,1.0,1.0,1612653253.4054635
1751,1.0,1.0,1612653253.429124
1752,1.0,1.0,1612653253.4551823
1753,1.0,1.0,1612653253.4791405
1754,1.0,1.0,1612653253.5043418
1755,1.0,1.0,1612653253.532115
1756,1.0,1.0,1612653253.5611842
1757,1.0,1.0,1612653253.5829835
1758,1.0,1.0,1612653253.607915
1759,1.0,1.0,1612653253.6318023
1760,1.0,1.0,1612653253.653372
1761,1.0,1.0,1612653253.6714144
1762,1.0,1.0,1612653253.6949065
1763,1.0,1.0,1612653253.71894
1764,1.0,1.0,1612653253.7424927
1765,1.0,1.0,1612653253.767132
1766,1.0,1.0,1612653253.7916539
1767,1.0,1.0,1612653253.8165505
1768,1.0,1.0,1612653253.8403988
1769,1.0,1.0,1612653253.8646698
1770,1.0,1.0,1612653253.8825037
1771,1.0,1.0,1612653253.9071765
1772,1.0,1.0,1612653253.9323814
1773,1.0,1.0,1612653253.956183
1774,1.0,1.0,1612653253.982392
1775,1.0,1.0,1612653254.0060139
1776,1.0,1.0,1612653254.0317738
1777,1.0,1.0,1612653254.0557597
1778,1.0,1.0,1612653254.0805376
1779,1.0,1.0,1612653254.1028519
1780,1.0,1.0,1612653254.1269298
1781,1.0,1.0,1612653254.1537404
1782,1.0,1.0,1612653254.178204
1783,1.0,1.0,1612653254.2035778
1784,1.0,1.0,1612653254.229053
1785,1.0,1.0,1612653254.2522757
1786,1.0,1.0,1612653254.2759027
1787,1.0,1.0,1612653254.2949774
1788,1.0,1.0,1612653254.3187242
1789,1.0,1.0,1612653254.343205
1790,1.0,1.0,1612653254.3694508
1791,1.0,1.0,1612653254.3964837
1792,1.0,1.0,1612653254.4248407
1793,1.0,1.0,1612653254.451149
1794,1.0,1.0,1612653254.4744744
1795,1.0,1.0,1612653254.4925144
1796,1.0,1.0,1612653254.50951
1797,1.0,1.0,1612653254.532936
1798,1.0,1.0,1612653254.5571523
1799,1.0,1.0,1612653254.5868564
1800,1.0,1.0,1612653254.6126778
1801,1.0,1.0,1612653254.636852
1802,1.0,1.0,1612653254.6602223
1803,1.0,1.0,1612653254.683276
1804,1.0,1.0,1612653254.7020152
1805,1.0,1.0,1612653254.7220829
1806,1.0,1.0,1612653254.7469451
1807,1.0,1.0,1612653254.7685864
1808,1.0,1.0,1612653254.7940385
1809,1.0,1.0,1612653254.8178713
1810,1.0,1.0,1612653254.846786
1811,1.0,1.0,1612653254.8723152
1812,1.0,1.0,1612653254.8973944
1813,1.0,1.0,1612653254.9160995
1814,1.0,1.0,1612653254.9376435
1815,1.0,1.0,1612653254.9596431
1816,1.0,1.0,1612653254.982435
1817,1.0,1.0,1612653255.0088851
1818,1.0,1.0,1612653255.0310068
1819,1.0,1.0,1612653255.0567431
1820,1.0,1.0,1612653255.0790014
1821,1.0,1.0,1612653255.1010735
1822,1.0,1.0,1612653255.1198552
1823,1.0,1.0,1612653255.1370509
1824,1.0,1.0,1612653255.1599238
1825,1.0,1.0,1612653255.1838613
1826,1.0,1.0,1612653255.20894
1827,1.0,1.0,1612653255.2334027
1828,1.0,1.0,1612653255.2609785
1829,1.0,1.0,1612653255.2832878
1830,1.0,1.0,1612653255.3083422
1831,1.0,1.0,1612653255.3291676
1832,1.0,1.0,1612653255.3462694
1833,1.0,1.0,1612653255.3664906
1834,1.0,1.0,1612653255.3885317
1835,1.0,1.0,1612653255.4120646
1836,1.0,1.0,1612653255.4378872
1837,1.0,1.0,1612653255.4635081
1838,1.0,1.0,1612653255.489366
1839,1.0,1.0,1612653255.512231
1840,1.0,1.0,1612653255.5358062
1841,1.0,2.0,1612653255.5576763
1842,1.0,1.0,1612653255.5781157
1843,1.0,1.0,1612653255.6030622
1844,1.0,1.0,1612653255.6269305
1845,1.0,1.0,1612653255.6488264
1846,1.0,1.0,1612653255.6724427
1847,1.0,1.0,1612653255.6948025
1848,1.0,1.0,1612653255.7190888
1849,1.0,1.0,1612653255.7421753
1850,1.0,1.0,1612653255.7614467
1851,1.0,1.0,1612653255.7820938
1852,1.0,1.0,1612653255.806008
1853,1.0,1.0,1612653255.8348088
1854,1.0,1.0,1612653255.8599112
1855,1.0,1.0,1612653255.886275
1856,1.0,1.0,1612653255.912756
1857,1.0,1.0,1612653255.9384553
1858,1.0,1.0,1612653255.9604704
1859,1.0,1.0,1612653255.9822476
1860,1.0,1.0,1612653256.0041575
1861,1.0,1.0,1612653256.0288358
1862,1.0,1.0,1612653256.0571506
1863,1.0,1.0,1612653256.0819228
1864,1.0,1.0,1612653256.1043415
1865,1.0,1.0,1612653256.1332016
1866,1.0,1.0,1612653256.1560695
1867,1.0,1.0,1612653256.1757016
1868,1.0,1.0,1612653256.1986094
1869,1.0,1.0,1612653256.223724
1870,1.0,1.0,1612653256.2489524
1871,1.0,1.0,1612653256.2715602
1872,1.0,2.0,1612653256.298276
1873,1.0,2.0,1612653256.3237169
1874,1.0,2.0,1612653256.3463821
1875,1.0,2.0,1612653256.367333
1876,1.0,2.0,1612653256.3889048
1877,1.0,1.0,1612653256.4127202
1878,1.0,1.0,1612653256.4372587
1879,1.0,1.0,1612653256.4651086
1880,1.0,1.0,1612653256.491099
1881,1.0,1.0,1612653256.5151994
1882,1.0,1.0,1612653256.5385213
1883,1.0,1.0,1612653256.561497
1884,1.0,1.0,1612653256.5848792
1885,1.0,1.0,1612653256.6095808
1886,1.0,1.0,1612653256.635363
1887,1.0,1.0,1612653256.6587634
1888,1.0,1.0,1612653256.6845598
1889,1.0,1.0,1612653256.7080324
1890,1.0,1.0,1612653256.7321687
1891,1.0,1.0,1612653256.758673
1892,1.0,1.0,1612653256.779299
1893,1.0,1.0,1612653256.7989748
1894,1.0,1.0,1612653256.822017
1895,1.0,1.0,1612653256.844353
1896,1.0,1.0,1612653256.8675525
1897,1.0,1.0,1612653256.88905
1898,1.0,1.0,1612653256.9113557
1899,1.0,1.0,1612653256.9357884
1900,1.0,1.0,1612653256.95909
1901,1.0,2.0,1612653256.9800375
1902,1.0,1.0,1612653257.0015235
1903,1.0,1.0,1612653257.0246775
1904,1.0,1.0,1612653257.0486128
1905,1.0,2.0,1612653257.07319
1906,1.0,2.0,1612653257.0981908
1907,1.0,2.0,1612653257.121219
1908,1.0,2.0,1612653257.1452208
1909,1.0,1.0,1612653257.168724
1910,1.0,1.0,1612653257.1885269
1911,1.0,1.0,1612653257.2116547
1912,1.0,1.0,1612653257.2375805
1913,1.0,1.0,1612653257.2669177
1914,1.0,1.0,1612653257.2920308
1915,1.0,1.0,1612653257.31984
1916,1.0,1.0,1612653257.3449016
1917,1.0,1.0,1612653257.3713708
1918,1.0,1.0,1612653257.3896842
1919,1.0,1.0,1612653257.4089954
1920,1.0,1.0,1612653257.4369159
1921,1.0,1.0,1612653257.4624004
1922,1.0,1.0,1612653257.4882982
1923,1.0,1.0,1612653257.512363
1924,1.0,1.0,1612653257.5378518
1925,1.0,1.0,1612653257.5631993
1926,1.0,1.0,1612653257.592782
1927,1.0,1.0,1612653257.6124384
1928,1.0,1.0,1612653257.6356218
1929,1.0,1.0,1612653257.6617992
1930,1.0,1.0,1612653257.6882148
1931,1.0,1.0,1612653257.7142448
1932,1.0,1.0,1612653257.7418191
1933,1.0,1.0,1612653257.7686357
1934,1.0,1.0,1612653257.7949605
1935,1.0,1.0,1612653257.8134034
1936,1.0,1.0,1612653257.8376842
1937,1.0,1.0,1612653257.86198
1938,1.0,1.0,1612653257.8869734
1939,1.0,1.0,1612653257.9117393
1940,1.0,1.0,1612653257.936188
1941,1.0,1.0,1612653257.9626293
1942,1.0,1.0,1612653257.9864187
1943,1.0,1.0,1612653258.0085285
1944,1.0,1.0,1612653258.0296662
1945,1.0,1.0,1612653258.0569675
1946,1.0,1.0,1612653258.086335
1947,1.0,1.0,1612653258.1113644
1948,1.0,1.0,1612653258.1412694
1949,1.0,1.0,1612653258.1650286
1950,1.0,1.0,1612653258.1894922
1951,1.0,1.0,1612653258.211692
1952,1.0,1.0,1612653258.2331765
1953,1.0,1.0,1612653258.2566824
1954,1.0,1.0,1612653258.2842364
1955,1.0,1.0,1612653258.3064802
1956,1.0,1.0,1612653258.3304868
1957,1.0,1.0,1612653258.3551958
1958,1.0,1.0,1612653258.3789756
1959,1.0,1.0,1612653258.4022937
1960,1.0,1.0,1612653258.4232054
1961,1.0,1.0,1612653258.4462442
1962,1.0,1.0,1612653258.4688864
1963,1.0,1.0,1612653258.4959238
1964,1.0,1.0,1612653258.5189266
1965,1.0,1.0,1612653258.5418484
1966,1.0,1.0,1612653258.565459
1967,1.0,1.0,1612653258.591161
1968,1.0,1.0,1612653258.6144779
1969,1.0,1.0,1612653258.6316054
1970,1.0,1.0,1612653258.6524608
1971,1.0,1.0,1612653258.6779287
1972,1.0,1.0,1612653258.7027967
1973,1.0,1.0,1612653258.7267547
1974,1.0,1.0,1612653258.7502787
1975,1.0,1.0,1612653258.7749164
1976,1.0,1.0,1612653258.8008642
1977,1.0,1.0,1612653258.823606
1978,1.0,1.0,1612653258.8415813
1979,1.0,1.0,1612653258.8651206
1980,1.0,1.0,1612653258.8880508
1981,1.0,1.0,1612653258.9094915
1982,1.0,1.0,1612653258.9337912
1983,1.0,1.0,1612653258.9589293
1984,1.0,1.0,1612653258.9829373
1985,1.0,1.0,1612653259.0111341
1986,1.0,1.0,1612653259.0348988
1987,1.0,1.0,1612653259.058237
1988,1.0,1.0,1612653259.0810454
1989,1.0,1.0,1612653259.1064649
1990,1.0,1.0,1612653259.129851
1991,1.0,1.0,1612653259.1521487
1992,1.0,1.0,1612653259.1762817
1993,1.0,1.0,1612653259.2005684
1994,1.0,1.0,1612653259.2306428
1995,1.0,1.0,1612653259.248287
1996,1.0,1.0,1612653259.27358
1997,1.0,1.0,1612653259.2982457
1998,1.0,1.0,1612653259.323407
1999,1.0,1.0,1612653259.349192
2000,1.0,1.0,1612653259.3784664
2001,1.0,1.0,1612653259.404644
2002,1.0,1.0,1612653259.4285548
2003,1.0,1.0,1612653259.4480152
2004,1.0,1.0,1612653259.466705
2005,1.0,1.0,1612653259.4919116
2006,1.0,1.0,1612653259.5163915
2007,1.0,1.0,1612653259.5401824
2008,1.0,1.0,1612653259.5648005
2009,1.0,1.0,1612653259.5880523
2010,1.0,1.0,1612653259.616243
2011,1.0,1.0,1612653259.6413703
2012,1.0,1.0,1612653259.6620302
2013,1.0,1.0,1612653259.679257
2014,1.0,1.0,1612653259.702916
2015,1.0,1.0,1612653259.7265096
2016,1.0,1.0,1612653259.7551932
2017,1.0,1.0,1612653259.7796106
2018,1.0,1.0,1612653259.803783
2019,1.0,1.0,1612653259.8297865
2020,1.0,1.0,1612653259.8557158
2021,1.0,1.0,1612653259.8772871
2022,1.0,1.0,1612653259.8956902
2023,1.0,1.0,1612653259.9220443
2024,1.0,1.0,1612653259.9465792
2025,1.0,1.0,1612653259.9705286
2026,1.0,1.0,1612653260.0026667
2027,1.0,1.0,1612653260.0269268
2028,1.0,1.0,1612653260.053285
2029,1.0,1.0,1612653260.0791748
2030,1.0,1.0,1612653260.1044886
2031,1.0,1.0,1612653260.128813
2032,1.0,1.0,1612653260.1527085
2033,1.0,1.0,1612653260.1739655
2034,1.0,1.0,1612653260.1962628
2035,1.0,1.0,1612653260.218831
2036,1.0,1.0,1612653260.2436006
2037,1.0,1.0,1612653260.2659812
2038,1.0,1.0,1612653260.2913194
2039,1.0,1.0,1612653260.3149455
2040,1.0,1.0,1612653260.3381164
2041,1.0,1.0,1612653260.3609557
2042,1.0,1.0,1612653260.3874853
2043,1.0,1.0,1612653260.412774
2044,1.0,1.0,1612653260.44098
2045,1.0,1.0,1612653260.4675221
2046,1.0,1.0,1612653260.4924455
2047,1.0,1.0,1612653260.517741
2048,1.0,1.0,1612653260.542835
2049,1.0,1.0,1612653260.5667872
2050,1.0,1.0,1612653260.5914493
2051,1.0,1.0,1612653260.6204693
2052,1.0,1.0,1612653260.6439285
2053,1.0,1.0,1612653260.6658812
2054,1.0,1.0,1612653260.6916866
2055,1.0,1.0,1612653260.7158024
2056,1.0,1.0,1612653260.7452824
2057,1.0,1.0,1612653260.7676382
2058,1.0,1.0,1612653260.7902758
2059,1.0,1.0,1612653260.81468
2060,1.0,1.0,1612653260.8379493
2061,1.0,1.0,1612653260.8613698
2062,1.0,1.0,1612653260.8851361
2063,1.0,1.0,1612653260.9072688
2064,1.0,2.0,1612653260.9336002
2065,1.0,2.0,1612653260.9586637
2066,1.0,2.0,1612653260.9875224
2067,1.0,1.0,1612653261.0084255
2068,1.0,2.0,1612653261.0336332
2069,1.0,2.0,1612653261.0589714
2070,1.0,2.0,1612653261.0827196
2071,1.0,2.0,1612653261.1104338
2072,1.0,2.0,1612653261.1396313
2073,1.0,1.0,1612653261.1652403
2074,1.0,2.0,1612653261.19481
2075,1.0,1.0,1612653261.217531
2076,1.0,1.0,1612653261.2433896
2077,1.0,1.0,1612653261.270029
2078,1.0,1.0,1612653261.2976232
2079,1.0,1.0,1612653261.3203144
2080,1.0,1.0,1612653261.345885
2081,1.0,1.0,1612653261.3688107
2082,1.0,1.0,1612653261.390451
2083,1.0,1.0,1612653261.408523
2084,1.0,1.0,1612653261.4288423
2085,1.0,1.0,1612653261.4515722
2086,1.0,1.0,1612653261.4747837
2087,1.0,1.0,1612653261.4986093
2088,1.0,1.0,1612653261.522166
2089,1.0,1.0,1612653261.5447662
2090,1.0,1.0,1612653261.5695953
2091,1.0,1.0,1612653261.593027
2092,1.0,1.0,1612653261.612451
2093,1.0,1.0,1612653261.6398008
2094,1.0,1.0,1612653261.6657257
2095,1.0,1.0,1612653261.6892965
2096,1.0,1.0,1612653261.7160647
2097,1.0,1.0,1612653261.7419386
2098,1.0,1.0,1612653261.768668
2099,1.0,1.0,1612653261.7931104
2100,1.0,1.0,1612653261.8158371
2101,1.0,1.0,1612653261.8347595
2102,1.0,1.0,1612653261.8596532
2103,1.0,1.0,1612653261.8835227
2104,1.0,1.0,1612653261.9087198
2105,1.0,1.0,1612653261.9339678
2106,1.0,1.0,1612653261.962446
2107,1.0,1.0,1612653261.9862318
2108,1.0,1.0,1612653262.0095594
2109,1.0,1.0,1612653262.029191
2110,1.0,1.0,1612653262.0506086
2111,1.0,1.0,1612653262.0750053
2112,1.0,1.0,1612653262.1015158
2113,1.0,1.0,1612653262.1274695
2114,1.0,1.0,1612653262.1524832
2115,1.0,1.0,1612653262.176119
2116,1.0,1.0,1612653262.200277
2117,1.0,1.0,1612653262.225689
2118,1.0,2.0,1612653262.2443852
2119,1.0,2.0,1612653262.2655802
2120,1.0,2.0,1612653262.2891197
2121,1.0,2.0,1612653262.3196838
2122,1.0,2.0,1612653262.3442822
2123,1.0,2.0,1612653262.368397
2124,1.0,2.0,1612653262.3955312
2125,1.0,2.0,1612653262.4197125
2126,1.0,2.0,1612653262.4428098
2127,1.0,2.0,1612653262.4619205
2128,1.0,2.0,1612653262.4862773
2129,1.0,2.0,1612653262.5098174
2130,1.0,1.0,1612653262.5378942
2131,1.0,1.0,1612653262.5618284
2132,1.0,1.0,1612653262.5865388
2133,1.0,1.0,1612653262.6114333
2134,1.0,1.0,1612653262.6359663
2135,1.0,1.0,1612653262.6553469
2136,1.0,1.0,1612653262.6766412
2137,1.0,1.0,1612653262.7018175
2138,1.0,1.0,1612653262.7258415
2139,1.0,1.0,1612653262.7492394
2140,1.0,1.0,1612653262.7756233
2141,1.0,1.0,1612653262.799736
2142,1.0,1.0,1612653262.825337
2143,1.0,1.0,1612653262.8491595
2144,1.0,1.0,1612653262.8689334
2145,1.0,1.0,1612653262.892958
2146,1.0,1.0,1612653262.9168093
2147,1.0,1.0,1612653262.942444
2148,1.0,1.0,1612653262.9675417
2149,1.0,1.0,1612653262.9900968
2150,1.0,1.0,1612653263.0148382
2151,1.0,1.0,1612653263.037664
2152,1.0,1.0,1612653263.0594306
2153,1.0,1.0,1612653263.0792162
2154,1.0,1.0,1612653263.1042395
2155,1.0,1.0,1612653263.1291108
2156,1.0,2.0,1612653263.1525552
2157,1.0,1.0,1612653263.1764386
2158,1.0,1.0,1612653263.2006598
2159,1.0,1.0,1612653263.2237406
2160,1.0,1.0,1612653263.2483826
2161,1.0,1.0,1612653263.2748728
2162,1.0,1.0,1612653263.2992656
2163,1.0,1.0,1612653263.3223608
2164,1.0,1.0,1612653263.3480563
2165,1.0,1.0,1612653263.3729997
2166,1.0,1.0,1612653263.3983774
2167,1.0,1.0,1612653263.4225693
2168,1.0,1.0,1612653263.448931
2169,1.0,1.0,1612653263.4759002
2170,1.0,1.0,1612653263.5028055
2171,1.0,1.0,1612653263.5288665
2172,1.0,1.0,1612653263.552664
2173,1.0,1.0,1612653263.576622
2174,1.0,1.0,1612653263.6015604
2175,1.0,1.0,1612653263.6232915
2176,1.0,1.0,1612653263.650994
2177,1.0,1.0,1612653263.6737027
2178,1.0,1.0,1612653263.6986985
2179,1.0,1.0,1612653263.7206647
2180,1.0,1.0,1612653263.7462814
2181,1.0,1.0,1612653263.7691038
2182,1.0,1.0,1612653263.7909627
2183,1.0,1.0,1612653263.814958
2184,1.0,1.0,1612653263.8415222
2185,1.0,1.0,1612653263.8681145
2186,1.0,1.0,1612653263.8941543
2187,1.0,1.0,1612653263.9186678
2188,1.0,1.0,1612653263.9403305
2189,1.0,1.0,1612653263.9649673
2190,1.0,1.0,1612653263.9825628
2191,1.0,1.0,1612653264.0076473
2192,1.0,1.0,1612653264.0310118
2193,1.0,1.0,1612653264.054342
2194,1.0,1.0,1612653264.0780852
2195,1.0,1.0,1612653264.1060486
2196,1.0,1.0,1612653264.1302133
2197,1.0,1.0,1612653264.156499
2198,1.0,1.0,1612653264.1792743
2199,1.0,1.0,1612653264.1994772
2200,1.0,1.0,1612653264.2232256
2201,1.0,1.0,1612653264.2481987
2202,1.0,1.0,1612653264.2740843
2203,1.0,1.0,1612653264.3001125
2204,1.0,1.0,1612653264.3270497
2205,1.0,1.0,1612653264.354466
2206,1.0,1.0,1612653264.3779407
2207,1.0,1.0,1612653264.3956647
2208,1.0,1.0,1612653264.412843
2209,1.0,1.0,1612653264.4362664
2210,1.0,1.0,1612653264.4588022
2211,1.0,1.0,1612653264.4863663
2212,1.0,1.0,1612653264.509365
2213,1.0,1.0,1612653264.5320299
2214,1.0,1.0,1612653264.5568068
2215,1.0,1.0,1612653264.58257
2216,1.0,1.0,1612653264.6028616
2217,1.0,1.0,1612653264.6197941
2218,1.0,1.0,1612653264.6404204
2219,1.0,1.0,1612653264.6654594
2220,1.0,1.0,1612653264.6898427
2221,1.0,1.0,1612653264.7160745
2222,1.0,1.0,1612653264.7420158
2223,1.0,1.0,1612653264.7680552
2224,1.0,1.0,1612653264.7917092
2225,1.0,1.0,1612653264.814768
2226,1.0,1.0,1612653264.833797
2227,1.0,1.0,1612653264.8562074
2228,1.0,1.0,1612653264.8797429
2229,1.0,1.0,1612653264.9046197
2230,1.0,1.0,1612653264.9284437
2231,1.0,1.0,1612653264.9517584
2232,1.0,1.0,1612653264.9775307
2233,1.0,1.0,1612653265.001845
2234,1.0,1.0,1612653265.0250235
2235,1.0,1.0,1612653265.043085
2236,1.0,1.0,1612653265.0663161
2237,1.0,1.0,1612653265.093057
2238,1.0,1.0,1612653265.1191423
2239,1.0,1.0,1612653265.145378
2240,1.0,1.0,1612653265.1688433
2241,1.0,1.0,1612653265.1958554
2242,1.0,1.0,1612653265.2195344
2243,1.0,1.0,1612653265.2426193
2244,1.0,1.0,1612653265.2632802
2245,1.0,1.0,1612653265.286097
2246,1.0,1.0,1612653265.312518
2247,1.0,1.0,1612653265.3383443
2248,1.0,1.0,1612653265.3603435
2249,1.0,1.0,1612653265.3837118
2250,1.0,1.0,1612653265.4070098
2251,1.0,1.0,1612653265.4294055
2252,1.0,1.0,1612653265.4487379
2253,1.0,1.0,1612653265.4714124
2254,1.0,1.0,1612653265.4926913
2255,1.0,1.0,1612653265.5219924
2256,1.0,1.0,1612653265.546821
2257,1.0,1.0,1612653265.5729852
2258,1.0,1.0,1612653265.59918
2259,1.0,1.0,1612653265.6232471
2260,1.0,1.0,1612653265.6489532
2261,1.0,1.0,1612653265.6688395
2262,1.0,1.0,1612653265.6937509
2263,1.0,1.0,1612653265.7219322
2264,1.0,1.0,1612653265.75133
2265,1.0,1.0,1612653265.7749608
2266,1.0,1.0,1612653265.7964075
2267,1.0,1.0,1612653265.8193922
2268,1.0,1.0,1612653265.842621
2269,1.0,1.0,1612653265.864404
2270,1.0,1.0,1612653265.8815682
2271,1.0,1.0,1612653265.904202
2272,1.0,1.0,1612653265.9286175
2273,1.0,1.0,1612653265.9547276
2274,1.0,1.0,1612653265.9798157
2275,1.0,1.0,1612653266.0092962
2276,1.0,1.0,1612653266.0364506
2277,1.0,1.0,1612653266.0615501
2278,1.0,1.0,1612653266.0796163
2279,1.0,1.0,1612653266.101613
2280,1.0,1.0,1612653266.1271138
2281,1.0,1.0,1612653266.1502886
2282,1.0,1.0,1612653266.1762857
2283,1.0,1.0,1612653266.199731
2284,1.0,1.0,1612653266.2255573
2285,1.0,1.0,1612653266.249711
2286,1.0,1.0,1612653266.2748313
2287,1.0,1.0,1612653266.2923791
2288,1.0,1.0,1612653266.315422
2289,1.0,1.0,1612653266.339321
2290,1.0,1.0,1612653266.3673823
2291,1.0,1.0,1612653266.389958
2292,1.0,1.0,1612653266.41514
2293,1.0,1.0,1612653266.4430475
2294,1.0,1.0,1612653266.4666362
2295,1.0,1.0,1612653266.4864535
2296,1.0,1.0,1612653266.5039277
2297,1.0,1.0,1612653266.5281098
2298,1.0,1.0,1612653266.5525854
2299,1.0,1.0,1612653266.5793617
2300,1.0,1.0,1612653266.606087
2301,1.0,1.0,1612653266.6310916
2302,1.0,1.0,1612653266.657378
2303,1.0,1.0,1612653266.687225
2304,1.0,1.0,1612653266.7081425
2305,1.0,1.0,1612653266.7329426
2306,1.0,1.0,1612653266.7579746
2307,1.0,1.0,1612653266.7823231
2308,1.0,1.0,1612653266.8100936
2309,1.0,1.0,1612653266.831132
2310,1.0,1.0,1612653266.8531952
2311,1.0,1.0,1612653266.876703
2312,1.0,1.0,1612653266.9032712
2313,1.0,1.0,1612653266.9278119
2314,1.0,1.0,1612653266.955508
2315,1.0,1.0,1612653266.9805052
2316,1.0,1.0,1612653267.0038853
2317,1.0,1.0,1612653267.033325
2318,1.0,1.0,1612653267.0612793
2319,1.0,1.0,1612653267.0869734
2320,1.0,1.0,1612653267.1130126
2321,1.0,1.0,1612653267.1363647
2322,1.0,1.0,1612653267.1551988
2323,1.0,1.0,1612653267.176512
2324,1.0,1.0,1612653267.1992533
2325,1.0,1.0,1612653267.221538
2326,1.0,1.0,1612653267.245727
2327,1.0,1.0,1612653267.267342
2328,1.0,1.0,1612653267.2928112
2329,1.0,2.0,1612653267.3180425
2330,1.0,2.0,1612653267.3401392
2331,1.0,1.0,1612653267.356904
2332,1.0,1.0,1612653267.381476
2333,1.0,1.0,1612653267.4053445
2334,1.0,1.0,1612653267.4305115
2335,1.0,1.0,1612653267.4559536
2336,1.0,1.0,1612653267.4843705
2337,1.0,1.0,1612653267.5062966
2338,1.0,1.0,1612653267.5313668
2339,1.0,1.0,1612653267.5500424
2340,1.0,1.0,1612653267.57215
2341,1.0,1.0,1612653267.5948675
2342,1.0,1.0,1612653267.6179907
2343,1.0,2.0,1612653267.6425576
2344,1.0,2.0,1612653267.666884
2345,1.0,2.0,1612653267.6926851
2346,1.0,1.0,1612653267.7197392
2347,1.0,1.0,1612653267.7464476
2348,1.0,2.0,1612653267.766162
2349,1.0,2.0,1612653267.7886927
2350,1.0,2.0,1612653267.8122475
2351,1.0,2.0,1612653267.83701
2352,1.0,2.0,1612653267.8625996
2353,1.0,2.0,1612653267.8937454
2354,1.0,1.0,1612653267.92049
2355,1.0,1.0,1612653267.9490433
2356,1.0,2.0,1612653267.9668841
2357,1.0,1.0,1612653267.9911325
2358,1.0,1.0,1612653268.0164652
2359,1.0,2.0,1612653268.0441408
2360,1.0,1.0,1612653268.0700564
2361,1.0,1.0,1612653268.094427
2362,1.0,1.0,1612653268.1220973
2363,1.0,1.0,1612653268.1455998
2364,1.0,1.0,1612653268.167628
2365,1.0,1.0,1612653268.1923306
2366,1.0,1.0,1612653268.219591
2367,1.0,1.0,1612653268.2462223
2368,1.0,1.0,1612653268.271509
2369,1.0,1.0,1612653268.2967834
2370,1.0,1.0,1612653268.3204267
2371,1.0,1.0,1612653268.3460023
2372,1.0,1.0,1612653268.3729303
2373,1.0,1.0,1612653268.3949792
2374,1.0,1.0,1612653268.4195318
2375,1.0,1.0,1612653268.4482327
2376,1.0,2.0,1612653268.4737735
2377,1.0,2.0,1612653268.4989321
2378,1.0,2.0,1612653268.5267534
2379,1.0,2.0,1612653268.5500638
2380,1.0,2.0,1612653268.5748715
2381,1.0,2.0,1612653268.5958803
2382,1.0,2.0,1612653268.6179562
2383,1.0,2.0,1612653268.640645
2384,1.0,2.0,1612653268.6632473
2385,1.0,2.0,1612653268.6912196
2386,1.0,2.0,1612653268.7136362
2387,1.0,2.0,1612653268.740726
2388,1.0,2.0,1612653268.7653685
2389,1.0,2.0,1612653268.7903614
2390,1.0,2.0,1612653268.817018
2391,1.0,2.0,1612653268.8382285
2392,1.0,2.0,1612653268.862682
2393,1.0,1.0,1612653268.8885028
2394,1.0,2.0,1612653268.9142807
2395,1.0,2.0,1612653268.9382117
2396,1.0,2.0,1612653268.9649055
2397,1.0,2.0,1612653268.9835749
2398,1.0,1.0,1612653269.004929
2399,1.0,1.0,1612653269.0282087
2400,1.0,1.0,1612653269.0576353
2401,1.0,2.0,1612653269.0831468
2402,1.0,1.0,1612653269.1076953
2403,1.0,1.0,1612653269.132475
2404,1.0,1.0,1612653269.155942
2405,1.0,2.0,1612653269.180616
2406,1.0,1.0,1612653269.2013576
2407,1.0,1.0,1612653269.2249537
2408,1.0,1.0,1612653269.2492547
2409,1.0,1.0,1612653269.275826
2410,1.0,1.0,1612653269.2994037
2411,1.0,1.0,1612653269.3251858
2412,1.0,1.0,1612653269.3495874
2413,1.0,1.0,1612653269.3765311
2414,1.0,1.0,1612653269.3980622
2415,1.0,1.0,1612653269.4202952
2416,1.0,1.0,1612653269.445236
2417,1.0,1.0,1612653269.4686
2418,1.0,1.0,1612653269.4960034
2419,1.0,1.0,1612653269.5195243
2420,1.0,2.0,1612653269.5477333
2421,1.0,1.0,1612653269.5724883
2422,1.0,1.0,1612653269.5953407
2423,1.0,1.0,1612653269.6118236
2424,1.0,1.0,1612653269.6331837
2425,1.0,1.0,1612653269.6557047
2426,1.0,1.0,1612653269.677811
2427,1.0,1.0,1612653269.7068956
2428,1.0,1.0,1612653269.7300062
2429,1.0,1.0,1612653269.7561402
2430,1.0,1.0,1612653269.7797947
2431,1.0,1.0,1612653269.8033388
2432,1.0,1.0,1612653269.8215253
2433,1.0,1.0,1612653269.8457725
2434,1.0,1.0,1612653269.8729033
2435,1.0,1.0,1612653269.8975263
2436,1.0,1.0,1612653269.921618
2437,1.0,1.0,1612653269.9429839
2438,1.0,1.0,1612653269.9698741
2439,1.0,1.0,1612653269.9925036
2440,1.0,1.0,1612653270.0143244
2441,1.0,1.0,1612653270.0358334
2442,1.0,1.0,1612653270.0588655
2443,1.0,1.0,1612653270.082431
2444,1.0,1.0,1612653270.107795
2445,1.0,1.0,1612653270.1311252
2446,1.0,1.0,1612653270.1548254
2447,1.0,1.0,1612653270.1826782
2448,1.0,1.0,1612653270.2070925
2449,1.0,1.0,1612653270.2295892
2450,1.0,1.0,1612653270.2525816
2451,1.0,1.0,1612653270.2751594
2452,1.0,1.0,1612653270.2989028
2453,1.0,1.0,1612653270.322776
2454,1.0,1.0,1612653270.3464937
2455,1.0,1.0,1612653270.372285
2456,1.0,1.0,1612653270.3983393
2457,1.0,1.0,1612653270.4171433
2458,1.0,1.0,1612653270.43508
2459,1.0,1.0,1612653270.4588957
2460,1.0,1.0,1612653270.4854345
2461,1.0,1.0,1612653270.5110826
2462,1.0,1.0,1612653270.5363357
2463,1.0,1.0,1612653270.5620377
2464,1.0,1.0,1612653270.586387
2465,1.0,1.0,1612653270.6110914
2466,1.0,1.0,1612653270.6310356
2467,1.0,1.0,1612653270.6541798
2468,1.0,1.0,1612653270.6778693
2469,1.0,1.0,1612653270.7037783
2470,1.0,1.0,1612653270.7286446
2471,1.0,1.0,1612653270.752767
2472,1.0,1.0,1612653270.7769618
2473,1.0,1.0,1612653270.803734
2474,1.0,1.0,1612653270.8302093
2475,1.0,1.0,1612653270.8520672
2476,1.0,1.0,1612653270.8768885
2477,1.0,1.0,1612653270.905568
2478,1.0,1.0,1612653270.929797
2479,1.0,1.0,1612653270.9535453
2480,1.0,1.0,1612653270.9800012
2481,1.0,1.0,1612653271.0026658
2482,1.0,1.0,1612653271.028388
2483,1.0,1.0,1612653271.0478103
2484,1.0,1.0,1612653271.0702434
2485,1.0,1.0,1612653271.0938883
2486,1.0,1.0,1612653271.1235483
2487,1.0,1.0,1612653271.148632
2488,1.0,1.0,1612653271.175172
2489,1.0,1.0,1612653271.2001762
2490,1.0,1.0,1612653271.2276142
2491,1.0,1.0,1612653271.2467074
2492,1.0,1.0,1612653271.2688668
2493,1.0,1.0,1612653271.292461
2494,1.0,1.0,1612653271.3181682
2495,1.0,1.0,1612653271.3403063
2496,1.0,1.0,1612653271.3660326
2497,1.0,1.0,1612653271.3902245
2498,1.0,1.0,1612653271.4139707
2499,1.0,1.0,1612653271.4375749
2500,1.0,1.0,1612653271.4601533
2501,1.0,1.0,1612653271.4834898
2502,1.0,1.0,1612653271.5099807
2503,1.0,1.0,1612653271.535957
2504,1.0,1.0,1612653271.5600486
2505,1.0,1.0,1612653271.58491
2506,1.0,1.0,1612653271.610955
2507,1.0,1.0,1612653271.634224
2508,1.0,1.0,1612653271.6567824
2509,1.0,1.0,1612653271.680589
2510,1.0,1.0,1612653271.7100189
2511,1.0,1.0,1612653271.7353091
2512,1.0,1.0,1612653271.756824
2513,1.0,1.0,1612653271.780001
2514,1.0,1.0,1612653271.8050098
2515,1.0,1.0,1612653271.8265085
2516,1.0,1.0,1612653271.851958
2517,1.0,1.0,1612653271.873539
2518,1.0,1.0,1612653271.892875
2519,1.0,1.0,1612653271.9179733
2520,1.0,1.0,1612653271.9435775
2521,1.0,1.0,1612653271.971843
2522,1.0,1.0,1612653271.9983106
2523,1.0,1.0,1612653272.025723
2524,1.0,1.0,1612653272.0501506
2525,1.0,1.0,1612653272.0735357
2526,1.0,1.0,1612653272.0925596
2527,1.0,1.0,1612653272.1160257
2528,1.0,1.0,1612653272.143053
2529,1.0,1.0,1612653272.1717312
2530,1.0,1.0,1612653272.1965952
2531,1.0,1.0,1612653272.2213552
2532,1.0,1.0,1612653272.2483919
2533,1.0,1.0,1612653272.272164
2534,1.0,1.0,1612653272.2917142
2535,1.0,1.0,1612653272.315254
2536,1.0,1.0,1612653272.3395054
2537,1.0,1.0,1612653272.3670027
2538,1.0,1.0,1612653272.3928359
2539,1.0,1.0,1612653272.4177465
2540,1.0,1.0,1612653272.4430804
2541,1.0,1.0,1612653272.4662027
2542,1.0,1.0,1612653272.4908962
2543,1.0,1.0,1612653272.5128932
2544,1.0,1.0,1612653272.5393605
2545,1.0,1.0,1612653272.5627947
2546,1.0,1.0,1612653272.587257
2547,1.0,1.0,1612653272.6112092
2548,1.0,1.0,1612653272.6349044
2549,1.0,1.0,1612653272.6611192
2550,1.0,1.0,1612653272.6846807
2551,1.0,2.0,1612653272.7021024
2552,1.0,1.0,1612653272.7259684
2553,1.0,2.0,1612653272.7528734
2554,1.0,2.0,1612653272.780046
2555,1.0,2.0,1612653272.8052874
2556,1.0,2.0,1612653272.8289063
2557,1.0,2.0,1612653272.85353
2558,1.0,2.0,1612653272.8791413
2559,1.0,2.0,1612653272.900427
2560,1.0,2.0,1612653272.9232478
2561,1.0,2.0,1612653272.9493434
2562,1.0,2.0,1612653272.9740126
2563,1.0,2.0,1612653272.9973392
2564,1.0,2.0,1612653273.024529
2565,1.0,2.0,1612653273.0476487
2566,1.0,2.0,1612653273.0732296
2567,1.0,2.0,1612653273.0986674
2568,1.0,2.0,1612653273.1156993
2569,1.0,2.0,1612653273.1359165
2570,1.0,2.0,1612653273.1591992
2571,1.0,2.0,1612653273.1900399
2572,1.0,2.0,1612653273.2157452
2573,1.0,2.0,1612653273.2398257
2574,1.0,2.0,1612653273.2631476
2575,1.0,2.0,1612653273.2865386
2576,1.0,2.0,1612653273.3097515
2577,1.0,2.0,1612653273.3317323
2578,1.0,2.0,1612653273.3562834
2579,1.0,2.0,1612653273.3803682
2580,1.0,2.0,1612653273.4060202
2581,1.0,2.0,1612653273.4302328
2582,1.0,2.0,1612653273.4564312
2583,1.0,2.0,1612653273.4841468
2584,1.0,2.0,1612653273.509711
2585,1.0,2.0,1612653273.528921
2586,1.0,2.0,1612653273.5519395
2587,1.0,2.0,1612653273.5765357
2588,1.0,2.0,1612653273.603338
2589,1.0,2.0,1612653273.6304052
2590,1.0,2.0,1612653273.6582217
2591,1.0,2.0,1612653273.6845205
2592,1.0,2.0,1612653273.712819
2593,1.0,2.0,1612653273.734542
2594,1.0,2.0,1612653273.759383
2595,1.0,2.0,1612653273.7856312
2596,1.0,2.0,1612653273.8126032
2597,1.0,2.0,1612653273.8364308
2598,1.0,1.0,1612653273.8633306
2599,1.0,1.0,1612653273.8845625
2600,1.0,1.0,1612653273.908753
2601,1.0,1.0,1612653273.929173
2602,1.0,1.0,1612653273.9460852
2603,1.0,1.0,1612653273.968987
2604,1.0,1.0,1612653273.9899187
2605,1.0,1.0,1612653274.013341
2606,1.0,1.0,1612653274.04149
2607,1.0,2.0,1612653274.0649266
2608,1.0,1.0,1612653274.0899074
2609,1.0,2.0,1612653274.1154618
2610,1.0,2.0,1612653274.1397593
2611,1.0,1.0,1612653274.1619978
2612,1.0,2.0,1612653274.185132
2613,1.0,2.0,1612653274.2086668
2614,1.0,2.0,1612653274.234987
2615,1.0,1.0,1612653274.2592704
2616,1.0,2.0,1612653274.2853343
2617,1.0,2.0,1612653274.3104537
2618,1.0,2.0,1612653274.3347833
2619,1.0,2.0,1612653274.3533347
2620,1.0,1.0,1612653274.376707
2621,1.0,1.0,1612653274.402401
2622,1.0,1.0,1612653274.4263983
2623,1.0,1.0,1612653274.4493809
2624,1.0,1.0,1612653274.4758878
2625,1.0,1.0,1612653274.498477
2626,1.0,1.0,1612653274.5211232
2627,1.0,1.0,1612653274.539972
2628,1.0,1.0,1612653274.5593913
2629,1.0,1.0,1612653274.5828943
2630,1.0,1.0,1612653274.6081622
2631,1.0,1.0,1612653274.6334934
2632,1.0,1.0,1612653274.6603622
2633,1.0,1.0,1612653274.6888103
2634,1.0,1.0,1612653274.7109504
2635,1.0,1.0,1612653274.7395775
2636,1.0,1.0,1612653274.7586007
2637,1.0,1.0,1612653274.7806258
2638,1.0,1.0,1612653274.8062804
2639,1.0,1.0,1612653274.8310864
2640,1.0,1.0,1612653274.8570318
2641,1.0,1.0,1612653274.8808446
2642,1.0,1.0,1612653274.9047883
2643,1.0,1.0,1612653274.928844
2644,1.0,1.0,1612653274.949649
2645,1.0,1.0,1612653274.9724739
2646,1.0,1.0,1612653274.9959764
2647,1.0,1.0,1612653275.0212035
2648,1.0,1.0,1612653275.0450957
2649,1.0,1.0,1612653275.0685585
2650,1.0,1.0,1612653275.0960095
2651,1.0,1.0,1612653275.1197162
2652,1.0,1.0,1612653275.1450977
2653,1.0,1.0,1612653275.1639624
2654,1.0,1.0,1612653275.1875837
2655,1.0,1.0,1612653275.2097
2656,1.0,1.0,1612653275.233132
2657,1.0,1.0,1612653275.2556858
2658,1.0,1.0,1612653275.2834656
2659,1.0,1.0,1612653275.3080716
2660,1.0,1.0,1612653275.3352623
2661,1.0,1.0,1612653275.3598073
2662,1.0,1.0,1612653275.3798213
2663,1.0,1.0,1612653275.4046419
2664,1.0,1.0,1612653275.4297624
2665,1.0,1.0,1612653275.4532394
2666,1.0,1.0,1612653275.4782078
2667,1.0,1.0,1612653275.5046704
2668,1.0,1.0,1612653275.531169
2669,1.0,1.0,1612653275.5548952
2670,1.0,1.0,1612653275.5739088
2671,1.0,1.0,1612653275.594275
2672,1.0,1.0,1612653275.6205654
2673,1.0,1.0,1612653275.6455781
2674,1.0,1.0,1612653275.6692464
2675,1.0,2.0,1612653275.6925054
2676,1.0,1.0,1612653275.7159111
2677,1.0,1.0,1612653275.7474105
2678,1.0,1.0,1612653275.769798
2679,1.0,1.0,1612653275.7898421
2680,1.0,1.0,1612653275.814793
2681,1.0,1.0,1612653275.8410892
2682,1.0,1.0,1612653275.8683653
2683,1.0,1.0,1612653275.8944361
2684,1.0,1.0,1612653275.922829
2685,1.0,1.0,1612653275.947367
2686,1.0,1.0,1612653275.973207
2687,1.0,1.0,1612653275.9912655
2688,1.0,1.0,1612653276.015336
2689,1.0,1.0,1612653276.0416584
2690,1.0,1.0,1612653276.0667834
2691,1.0,1.0,1612653276.0916886
2692,1.0,1.0,1612653276.117652
2693,1.0,1.0,1612653276.1429615
2694,1.0,1.0,1612653276.169498
2695,1.0,1.0,1612653276.1922164
2696,1.0,1.0,1612653276.2152302
2697,1.0,1.0,1612653276.2379713
2698,1.0,1.0,1612653276.263968
2699,1.0,1.0,1612653276.2892177
2700,1.0,1.0,1612653276.3134246
2701,1.0,1.0,1612653276.3449051
2702,1.0,1.0,1612653276.3698187
2703,1.0,1.0,1612653276.3944778
2704,1.0,1.0,1612653276.4165542
2705,1.0,1.0,1612653276.4440947
2706,1.0,1.0,1612653276.4668155
2707,1.0,1.0,1612653276.4963558
2708,1.0,1.0,1612653276.519425
2709,1.0,1.0,1612653276.5420074
2710,1.0,1.0,1612653276.56744
2711,1.0,1.0,1612653276.5914009
2712,1.0,1.0,1612653276.6142735
2713,1.0,1.0,1612653276.63841
2714,1.0,1.0,1612653276.6631217
2715,1.0,1.0,1612653276.6915014
2716,1.0,1.0,1612653276.714426
2717,1.0,1.0,1612653276.7389228
2718,1.0,1.0,1612653276.7686293
2719,1.0,1.0,1612653276.7894158
2720,1.0,1.0,1612653276.8099244
2721,1.0,1.0,1612653276.835454
2722,1.0,1.0,1612653276.860186
2723,1.0,1.0,1612653276.8834305
2724,1.0,1.0,1612653276.9074643
2725,1.0,1.0,1612653276.935963
2726,1.0,1.0,1612653276.960472
2727,1.0,1.0,1612653276.9836192
2728,1.0,1.0,1612653277.0030074
2729,1.0,1.0,1612653277.0247777
2730,1.0,1.0,1612653277.0490334
2731,1.0,1.0,1612653277.0730727
2732,1.0,1.0,1612653277.0975769
2733,1.0,1.0,1612653277.1210718
2734,1.0,1.0,1612653277.1463127
2735,1.0,1.0,1612653277.1706583
2736,1.0,1.0,1612653277.194846
2737,1.0,1.0,1612653277.2132435
2738,1.0,1.0,1612653277.2371428
2739,1.0,1.0,1612653277.2655766
2740,1.0,1.0,1612653277.2893558
2741,1.0,1.0,1612653277.3132284
2742,1.0,1.0,1612653277.3382835
2743,1.0,1.0,1612653277.36472
2744,1.0,1.0,1612653277.3892918
2745,1.0,1.0,1612653277.412373
2746,1.0,1.0,1612653277.43599
2747,1.0,1.0,1612653277.461617
2748,1.0,1.0,1612653277.4869328
2749,1.0,1.0,1612653277.511536
2750,1.0,1.0,1612653277.5357556
2751,1.0,1.0,1612653277.559909
2752,1.0,1.0,1612653277.586034
2753,1.0,1.0,1612653277.608795
2754,1.0,1.0,1612653277.6259174
2755,1.0,1.0,1612653277.6485522
2756,1.0,1.0,1612653277.6713245
2757,1.0,1.0,1612653277.6946592
2758,1.0,1.0,1612653277.7201467
2759,1.0,1.0,1612653277.743826
2760,1.0,1.0,1612653277.7759342
2761,1.0,1.0,1612653277.7971525
2762,1.0,1.0,1612653277.8156033
2763,1.0,1.0,1612653277.8359163
2764,1.0,1.0,1612653277.8589263
2765,1.0,1.0,1612653277.8816416
2766,1.0,1.0,1612653277.907563
2767,1.0,1.0,1612653277.9329376
2768,1.0,1.0,1612653277.9632537
2769,1.0,1.0,1612653277.9889603
2770,1.0,1.0,1612653278.0144384
2771,1.0,1.0,1612653278.0350757
2772,1.0,1.0,1612653278.0575416
2773,1.0,1.0,1612653278.0830824
2774,1.0,1.0,1612653278.1120758
2775,1.0,1.0,1612653278.139102
2776,1.0,1.0,1612653278.163806
2777,1.0,1.0,1612653278.187808
2778,1.0,1.0,1612653278.2116904
2779,1.0,1.0,1612653278.232411
2780,1.0,1.0,1612653278.2526665
2781,1.0,1.0,1612653278.277787
2782,1.0,1.0,1612653278.3008974
2783,1.0,1.0,1612653278.3250942
2784,1.0,1.0,1612653278.349931
2785,1.0,1.0,1612653278.3760767
2786,1.0,1.0,1612653278.4016106
2787,1.0,1.0,1612653278.4295473
2788,1.0,1.0,1612653278.4481957
2789,1.0,1.0,1612653278.471424
2790,1.0,1.0,1612653278.4979227
2791,1.0,1.0,1612653278.5249689
2792,1.0,1.0,1612653278.5488412
2793,1.0,1.0,1612653278.5762427
2794,1.0,1.0,1612653278.6008778
2795,1.0,1.0,1612653278.625446
2796,1.0,1.0,1612653278.6472805
2797,1.0,1.0,1612653278.666359
2798,1.0,1.0,1612653278.6914732
2799,1.0,1.0,1612653278.7146552
2800,1.0,1.0,1612653278.736515
2801,1.0,1.0,1612653278.7588632
2802,1.0,1.0,1612653278.7844625
2803,1.0,1.0,1612653278.808059
2804,1.0,1.0,1612653278.831926
2805,1.0,1.0,1612653278.85352
2806,1.0,1.0,1612653278.8719952
2807,1.0,2.0,1612653278.8985198
2808,1.0,2.0,1612653278.9254522
2809,1.0,2.0,1612653278.952514
2810,1.0,2.0,1612653278.976667
2811,1.0,2.0,1612653279.0006528
2812,1.0,2.0,1612653279.0259337
2813,1.0,2.0,1612653279.0513783
2814,1.0,2.0,1612653279.071706
2815,1.0,2.0,1612653279.0991368
2816,1.0,2.0,1612653279.1220686
2817,1.0,2.0,1612653279.1450255
2818,1.0,2.0,1612653279.1667507
2819,1.0,2.0,1612653279.1905904
2820,1.0,1.0,1612653279.2166123
2821,1.0,1.0,1612653279.2409654
2822,1.0,1.0,1612653279.263134
2823,1.0,1.0,1612653279.285045
2824,1.0,1.0,1612653279.3110447
2825,1.0,1.0,1612653279.339198
2826,1.0,1.0,1612653279.365671
2827,1.0,1.0,1612653279.389539
2828,1.0,1.0,1612653279.415606
2829,1.0,1.0,1612653279.4425225
2830,1.0,1.0,1612653279.468207
2831,1.0,1.0,1612653279.4893358
2832,1.0,1.0,1612653279.515124
2833,1.0,1.0,1612653279.5381143
2834,1.0,1.0,1612653279.5619955
2835,1.0,1.0,1612653279.5862505
2836,1.0,1.0,1612653279.609444
2837,1.0,1.0,1612653279.6325467
2838,1.0,1.0,1612653279.6562712
2839,1.0,1.0,1612653279.674944
2840,1.0,1.0,1612653279.6987078
2841,1.0,1.0,1612653279.7218266
2842,1.0,1.0,1612653279.744437
2843,1.0,1.0,1612653279.7760396
2844,1.0,1.0,1612653279.8033237
2845,1.0,1.0,1612653279.8281827
2846,1.0,1.0,1612653279.8537662
2847,1.0,1.0,1612653279.8756545
2848,1.0,1.0,1612653279.8947792
2849,1.0,1.0,1612653279.9177597
2850,1.0,1.0,1612653279.9423287
2851,1.0,1.0,1612653279.9678729
2852,1.0,1.0,1612653279.9898884
2853,1.0,1.0,1612653280.0135415
2854,1.0,1.0,1612653280.0391326
2855,1.0,1.0,1612653280.066702
2856,1.0,1.0,1612653280.087353
2857,1.0,1.0,1612653280.1132705
2858,1.0,1.0,1612653280.1395001
2859,1.0,1.0,1612653280.1626277
2860,1.0,1.0,1612653280.1853442
2861,1.0,1.0,1612653280.2069433
2862,1.0,1.0,1612653280.2308779
2863,1.0,1.0,1612653280.256561
2864,1.0,1.0,1612653280.2787757
2865,1.0,1.0,1612653280.2974226
2866,1.0,1.0,1612653280.3224902
2867,1.0,1.0,1612653280.3477104
2868,1.0,1.0,1612653280.3711834
2869,1.0,1.0,1612653280.3964314
2870,1.0,1.0,1612653280.4216988
2871,1.0,1.0,1612653280.446313
2872,1.0,1.0,1612653280.4710479
2873,1.0,1.0,1612653280.48952
2874,1.0,1.0,1612653280.5129755
2875,1.0,1.0,1612653280.5380144
2876,1.0,1.0,1612653280.565603
2877,1.0,1.0,1612653280.5914805
2878,1.0,1.0,1612653280.6135566
2879,1.0,1.0,1612653280.638637
2880,1.0,1.0,1612653280.6658154
2881,1.0,1.0,1612653280.6903176
2882,1.0,1.0,1612653280.713221
2883,1.0,1.0,1612653280.7397578
2884,1.0,1.0,1612653280.7645452
2885,1.0,1.0,1612653280.7960954
2886,1.0,1.0,1612653280.8193233
2887,1.0,1.0,1612653280.8461304
2888,1.0,1.0,1612653280.8679457
2889,1.0,0.0,1612653280.8932507
2890,1.0,0.0,1612653280.916702
2891,1.0,0.0,1612653280.9417388
2892,1.0,0.0,1612653280.965667
2893,1.0,0.0,1612653280.9933608
2894,1.0,0.0,1612653281.0179863
2895,1.0,0.0,1612653281.0446455
2896,1.0,0.0,1612653281.0694592
2897,1.0,0.0,1612653281.093149
2898,1.0,0.0,1612653281.1117554
2899,1.0,0.0,1612653281.1324406
2900,1.0,0.0,1612653281.1600397
2901,1.0,0.0,1612653281.1835477
2902,1.0,0.0,1612653281.2065446
2903,1.0,0.0,1612653281.2327836
2904,1.0,0.0,1612653281.2564645
2905,1.0,0.0,1612653281.28188
2906,1.0,0.0,1612653281.306397
2907,1.0,0.0,1612653281.324207
2908,1.0,0.0,1612653281.3465924
2909,1.0,0.0,1612653281.373437
2910,1.0,0.0,1612653281.4053645
2911,1.0,0.0,1612653281.4268496
2912,1.0,0.0,1612653281.4489274
2913,1.0,0.0,1612653281.4727077
2914,1.0,0.0,1612653281.500259
2915,1.0,0.0,1612653281.5250573
2916,1.0,0.0,1612653281.543036
2917,1.0,0.0,1612653281.5631747
2918,1.0,0.0,1612653281.5855
2919,1.0,0.0,1612653281.6065433
2920,1.0,0.0,1612653281.6292686
2921,1.0,0.0,1612653281.6550946
2922,1.0,0.0,1612653281.6812685
2923,1.0,0.0,1612653281.706041
2924,1.0,0.0,1612653281.731926
2925,1.0,0.0,1612653281.7524621
2926,1.0,0.0,1612653281.7741623
2927,1.0,0.0,1612653281.7994466
2928,1.0,0.0,1612653281.8266184
2929,1.0,0.0,1612653281.851884
2930,1.0,0.0,1612653281.8768127
2931,1.0,0.0,1612653281.901231
2932,1.0,0.0,1612653281.92549
2933,1.0,0.0,1612653281.9466417
2934,1.0,0.0,1612653281.9700546
2935,1.0,0.0,1612653281.9937956
2936,1.0,0.0,1612653282.018929
2937,1.0,0.0,1612653282.042919
2938,1.0,0.0,1612653282.0679312
2939,1.0,0.0,1612653282.0900373
2940,1.0,0.0,1612653282.116325
2941,1.0,0.0,1612653282.1406262
2942,1.0,0.0,1612653282.161122
2943,1.0,0.0,1612653282.1833932
2944,1.0,0.0,1612653282.2099464
2945,1.0,0.0,1612653282.239712
2946,1.0,0.0,1612653282.2655761
2947,1.0,0.0,1612653282.2905128
2948,1.0,0.0,1612653282.3169954
2949,1.0,0.0,1612653282.3437376
2950,1.0,0.0,1612653282.3616087
2951,1.0,0.0,1612653282.383879
2952,1.0,0.0,1612653282.407857
2953,1.0,0.0,1612653282.4344332
2954,1.0,0.0,1612653282.4595459
2955,1.0,0.0,1612653282.4850745
2956,1.0,0.0,1612653282.511029
2957,1.0,0.0,1612653282.5380697
2958,1.0,0.0,1612653282.560562
2959,1.0,0.0,1612653282.5773637
2960,1.0,0.0,1612653282.5966797
2961,1.0,0.0,1612653282.622592
2962,1.0,0.0,1612653282.6554704
2963,1.0,0.0,1612653282.6806324
2964,1.0,0.0,1612653282.7064826
2965,1.0,0.0,1612653282.736428
2966,1.0,0.0,1612653282.7624822
2967,1.0,0.0,1612653282.783943
2968,1.0,0.0,1612653282.8063753
2969,1.0,0.0,1612653282.8317358
2970,1.0,0.0,1612653282.8552485
2971,1.0,0.0,1612653282.879781
2972,1.0,0.0,1612653282.9053962
2973,1.0,0.0,1612653282.9301844
2974,1.0,0.0,1612653282.9558136
2975,1.0,0.0,1612653282.9795914
2976,1.0,0.0,1612653282.9990256
2977,1.0,0.0,1612653283.0231564
2978,1.0,0.0,1612653283.0464199
2979,1.0,0.0,1612653283.076181
2980,1.0,0.0,1612653283.0998068
2981,1.0,0.0,1612653283.1227965
2982,1.0,0.0,1612653283.149836
2983,1.0,0.0,1612653283.174483
2984,1.0,0.0,1612653283.1951904
2985,1.0,0.0,1612653283.2118912
2986,1.0,0.0,1612653283.2343388
2987,1.0,0.0,1612653283.2560768
2988,1.0,0.0,1612653283.2822711
2989,1.0,0.0,1612653283.307234
2990,1.0,0.0,1612653283.3308618
2991,1.0,0.0,1612653283.3556492
2992,1.0,0.0,1612653283.3821223
2993,1.0,0.0,1612653283.4037428
2994,1.0,0.0,1612653283.4261186
2995,1.0,0.0,1612653283.4483876
2996,1.0,0.0,1612653283.4724848
2997,1.0,0.0,1612653283.4989808
2998,1.0,0.0,1612653283.522911
2999,1.0,0.0,1612653283.5492585
3000,1.0,0.0,1612653283.575864
3001,1.0,0.0,1612653283.6021721
3002,1.0,0.0,1612653283.6258764
3003,1.0,0.0,1612653283.6492314
3004,1.0,0.0,1612653283.6779342
3005,1.0,0.0,1612653283.7054
3006,1.0,0.0,1612653283.7335
3007,1.0,0.0,1612653283.755973
3008,1.0,0.0,1612653283.781738
3009,1.0,0.0,1612653283.811639
3010,1.0,0.0,1612653283.8339295
3011,1.0,0.0,1612653283.8574696
3012,1.0,0.0,1612653283.8784437
3013,1.0,0.0,1612653283.901722
3014,1.0,0.0,1612653283.9253757
3015,1.0,0.0,1612653283.948849
3016,1.0,0.0,1612653283.9732857
3017,1.0,0.0,1612653283.9984393
3018,1.0,0.0,1612653284.0225096
3019,1.0,0.0,1612653284.0484495
3020,1.0,0.0,1612653284.0681143
3021,1.0,0.0,1612653284.0903947
3022,1.0,0.0,1612653284.1161127
3023,1.0,0.0,1612653284.1431181
